college_code,department,Unnamed: 0,seat_no,elective,result,c1,c2,c3,c4,c1_th,c1_tw,c1_or,c1_in,c2_th,c2_tw,c2_in,c3_th,c3_tw,c3_or,c3_in,c4_th,c4_tw,c4_in,sem_1,sem_2,sem_3,sem_4,sem_5,sem_6,sem_7,sem_8,cgpi
10:MHSSCE,AUTOMOBILE ENGINEERING,1499,39280008,AEE8022:VEHICLE,P,AEC801,AEC802,AEC803,ELECTIVEII,40.0,10.0,10.0,9.0,42.0,10.0,8.0,41.0,10.0,12.0,9.0,32.0,11.0,9.0,['Diploma'],['Diploma'],5.38,5.46,5.15,4.56,5.42,6.44,5.48
10:MHSSCE,CIVIL,12035,6181004,CEE80415:INDUSTRIAL,P,CEC801,CEC802,CEC803,ELECTIVEII,32.0,15.0,16.0,9.0,35.0,19.0,10.0,37.0,16.0,14.0,9.0,40.0,18.0,9.0,['Diploma'],['Diploma'],6.15,6.27,6.72,6.39,7.44,6.88,6.66
10:MHSSCE,COMPUTER ENGINEERING,23605,7181003,CPE8031:MACHINE,P,CPC801,CPC802,CPC803,ELECTIVEIII,42.0,16.0,17.0,14.0,45.0,13.0,15.0,32.0,18.0,17.0,14.0,33.0,14.0,13.0,['Diploma'],['Diploma'],5.11,5.75,7.5,6.96,7.08,8.04,7.33
10:MHSSCE,ELECTRONICS AND TELECOMMUNICATION ENGINEERING,28232,10181002,ETE801:SPEECH,P,ETC801,ETC802,ETC803,ELECTIVEII,38.0,10.0,14.0,11.0,39.0,16.0,9.0,32.0,19.0,17.0,8.0,33.0,15.0,10.0,['Diploma'],['Diploma'],5.23,4.71,5.74,5.61,5.74,6.96,5.97
10:MHSSCE,ELECTRONICS ENGINEERING,10024,11181001,EXC8041:ROBOTICS,P,EXC801,EXC802,EXC803,ELECTIVEII,32.0,10.0,10.0,10.0,32.0,10.0,8.0,32.0,10.0,10.0,8.0,35.0,10.0,8.0,['Diploma'],['Diploma'],4.77,4.64,5.14,4.7,5.41,5.67,5.58
10:MHSSCE,INFORMATION TECHNOLOGY ENGINEERING,31107,12181001,ITC8045:SOFT,P,ITC801,ITC802,ITC803,ELECTIVEII,32.0,16.0,20.0,14.0,32.0,11.0,11.0,33.0,20.0,20.0,14.0,33.0,15.0,12.0,['Diploma'],['Diploma'],4.82,5.11,5.69,5.64,6.41,7.19,6.15
10:MHSSCE,MECHANICAL,1932,14181003,MEE8022:RENEWABLE,P,MEC801,MEC802,MEC803,ELECTIVEII,38.0,12.0,15.0,8.0,36.0,13.0,14.0,38.0,14.0,18.0,11.0,35.0,14.0,10.0,['Diploma'],['Diploma'],6.63,6.79,6.59,6.21,6.33,7.24,6.94
116:CSM INST,CIVIL,12096,6181079,CEE80415:INDUSTRIAL,P,CEC801,CEC802,CEC803,ELECTIVEII,25.0,0.0,20.0,8.0,20.0,20.0,8.0,21.0,20.0,20.0,8.0,21.0,20.0,8.0,['Diploma'],['Diploma'],4.73,4.48,5.23,5.07,5.74,6.33,5.62
116:CSM INST,COMPUTER ENGINEERING,23824,7181222,CPE8031:MACHINE,P,CPC801,CPC802,CPC803,ELECTIVEIII,32.0,18.0,12.0,9.0,33.0,21.0,14.0,32.0,20.0,22.0,13.0,32.0,20.0,9.0,['Diploma'],['Diploma'],5.11,4.68,5.29,6.36,6.8,7.04,6.04
116:CSM INST,MECHANICAL,2152,14181237,MEE8022:RENEWABLE,P,MEC801,MEC802,MEC803,ELECTIVEII,25.0,0.0,20.0,8.0,22.0,20.0,8.0,24.0,20.0,20.0,8.0,21.0,20.0,8.0,['Diploma'],['Diploma'],5.33,4.57,4.78,5.25,5.33,6.56,5.68
124:MGMCET,CIVIL,12109,6181189,CEE80414:DESIGN,P,CEC801,CEC802,CEC803,ELECTIVEII,32.0,11.0,11.0,8.0,35.0,11.0,8.0,37.0,11.0,11.0,10.0,34.0,12.0,9.0,['Diploma'],['Diploma'],5.22,5.13,4.88,4.71,4.96,5.83,5.43
124:MGMCET,COMPUTER ENGINEERING,23831,7181229,CPE8031:MACHINE,P,CPC801,CPC802,CPC803,ELECTIVEIII,32.0,13.0,12.0,10.0,36.0,11.0,9.0,32.0,11.0,11.0,9.0,32.0,12.0,10.0,['Diploma'],['Diploma'],4.46,4.32,4.58,4.83,5.6,5.78,5.4
124:MGMCET,ELECTRICAL ENGINEERING,0,8181003,EEE801:FLEXIBLE,P,EEC801,EEC802,EEC803,ELECTIVEII,27.0,10.0,0.0,12.0,32.0,15.0,7.0,32.0,17.0,0.0,9.0,32.0,16.0,11.0,['Diploma'],['Diploma'],5.56,5.04,5.58,5.18,5.7,6.31,5.72
124:MGMCET,ELECTRONICS AND TELECOMMUNICATION ENGINEERING,28463,10181233,ETE802:TELECOM,P,ETC801,ETC802,ETC803,ELECTIVEII,32.0,13.0,16.0,8.0,28.0,0.0,9.0,19.0,12.0,14.0,9.0,20.0,12.0,10.0,['Diploma'],['Diploma'],4.65,4.46,4.78,4.5,5.11,5.96,5.15
124:MGMCET,INFORMATION TECHNOLOGY ENGINEERING,31339,12181233,ITC8046:SOFTWARE,P,ITC801,ITC802,ITC803,ELECTIVEII,32.0,10.0,11.0,9.0,32.0,10.0,9.0,32.0,10.0,10.0,8.0,26.0,0.0,8.0,['Diploma'],['Diploma'],4.68,4.07,4.69,4.48,5.26,4.88,4.99
124:MGMCET,MECHANICAL,2264,14181384,MEE8022:RENEWABLE,P,MEC801,MEC802,MEC803,ELECTIVEII,27.0,0.0,16.0,10.0,23.0,14.0,8.0,23.0,13.0,1.0,7.0,23.0,13.0,11.0,['Diploma'],['Diploma'],5.28,5.14,5.04,5.14,5.85,6.68,5.81
126:SAKEC,COMPUTER ENGINEERING,23937,7181335,CPE8031:MACHINE,P,CPC801,CPC802,CPC803,ELECTIVEIII,33.0,11.0,15.0,8.0,32.0,13.0,8.0,32.0,12.0,12.0,8.0,32.0,12.0,8.0,['Diploma'],['Diploma'],4.5,4.57,4.58,4.96,5.44,6.3,5.4
126:SAKEC,ELECTRONICS AND TELECOMMUNICATION ENGINEERING,28629,10181399,ETE801:SPEECH,P,ETC801,ETC802,ETC803,ELECTIVEII,32.0,15.0,14.0,8.0,34.0,13.0,8.0,38.0,17.0,17.0,8.0,26.0,0.0,8.0,['Diploma'],['Diploma'],5.58,5.11,5.22,4.82,4.67,5.96,5.48
126:SAKEC,ELECTRONICS ENGINEERING,10163,11181128,EXC8041:ROBOTICS,P,EXC801,EXC802,EXC803,ELECTIVEII,32.0,10.0,12.0,8.0,25.0,0.0,8.0,24.0,0.0,14.0,8.0,18.0,10.0,8.0,['Diploma'],['Diploma'],4.69,4.36,4.57,4.67,4.89,5.42,4.99
126:SAKEC,INFORMATION TECHNOLOGY ENGINEERING,31401,12181295,ITC8045:SOFT,P,ITC801,ITC802,ITC803,ELECTIVEII,32.0,17.0,16.0,10.0,32.0,14.0,8.0,32.0,16.0,15.0,10.0,25.0,0.0,10.0,['Diploma'],['Diploma'],4.93,5.04,4.92,5.08,5.22,6.23,5.53
174:RAIT,COMPUTER ENGINEERING,24172,7181569,CPE8031:MACHINE,P,CPC801,CPC802,CPC803,ELECTIVEIII,35.0,14.0,17.0,8.0,33.0,14.0,11.0,32.0,14.0,16.0,8.0,32.0,15.0,8.0,['Diploma'],['Diploma'],5.0,5.14,5.75,5.46,6.12,7.07,6.28
174:RAIT,ELECTRONICS AND TELECOMMUNICATION ENGINEERING,28707,10181477,ETE802:TELECOM,P,ETC801,ETC802,ETC803,ELECTIVEII,33.0,20.0,18.0,8.0,32.0,14.0,8.0,32.0,16.0,17.0,8.0,26.0,0.0,8.0,['Diploma'],['Diploma'],5.31,4.68,5.22,4.39,5.74,6.23,5.45
174:RAIT,ELECTRONICS ENGINEERING,10275,11181293,EXC8041:ROBOTICS,P,EXC801,EXC802,EXC803,ELECTIVEII,32.0,11.0,10.0,8.0,32.0,13.0,8.0,28.0,0.0,12.0,8.0,13.0,13.0,8.0,['Diploma'],['Diploma'],5.04,4.82,5.04,5.04,4.96,5.58,5.37
174:RAIT,INFORMATION TECHNOLOGY ENGINEERING,31585,12181479,ITC8046:SOFTWARE,P,ITC801,ITC802,ITC803,ELECTIVEII,32.0,17.0,15.0,8.0,32.0,15.0,8.0,34.0,16.0,16.0,8.0,32.0,15.0,8.0,['Diploma'],['Diploma'],5.14,5.04,5.31,5.04,5.59,6.31,5.77
174:RAIT,INSTRUMENTATION ENGINEERING,57521,13181082,ISE8041:NUCLEAR,P,ISC801,ISC802,ISC803,ELECTIVEII,26.0,13.0,14.0,8.0,34.0,13.0,8.0,32.0,14.0,13.0,8.0,32.0,13.0,8.0,['Diploma'],['Diploma'],5.33,5.44,5.21,5.18,5.82,5.31,5.67
17:BVCE,COMPUTER ENGINEERING,23694,7181092,CPE8035:BIG,P,CPC801,CPC802,CPC803,ELECTIVEIII,41.0,17.0,20.0,12.0,42.0,16.0,14.0,32.0,18.0,16.0,7.0,33.0,18.0,10.0,['Diploma'],['Diploma'],4.55,4.73,6.08,6.38,6.64,7.44,6.1
17:BVCE,ELECTRONICS AND TELECOMMUNICATION ENGINEERING,28312,10181082,ETE802:TELECOM,P,ETC801,ETC802,ETC803,ELECTIVEII,32.0,15.0,13.0,8.0,32.0,13.0,8.0,25.0,0.0,15.0,8.0,18.0,18.0,8.0,['Diploma'],['Diploma'],5.23,4.61,5.52,4.89,5.22,5.88,5.36
17:BVCE,INFORMATION TECHNOLOGY ENGINEERING,31176,12181070,ITC8046:SOFTWARE,P,ITC801,ITC802,ITC803,ELECTIVEII,32.0,18.0,18.0,8.0,32.0,16.0,8.0,32.0,17.0,16.0,9.0,32.0,19.0,11.0,['Diploma'],['Diploma'],5.18,5.14,5.62,4.96,6.15,6.58,5.92
17:BVCE,INSTRUMENTATION ENGINEERING,57445,13181006,ISE8042:POWER,P,ISC801,ISC802,ISC803,ELECTIVEII,25.0,15.0,10.0,8.0,32.0,16.0,8.0,32.0,14.0,12.0,8.0,32.0,12.0,9.0,['Diploma'],['Diploma'],5.44,4.89,4.82,4.89,5.79,6.23,5.55
17:BVCE,MECHANICAL,2003,14181080,MEE8026:AUTOMOBILE,P,MEC801,MEC802,MEC803,ELECTIVEII,32.0,19.0,17.0,8.0,32.0,15.0,8.0,32.0,17.0,16.0,9.0,32.0,16.0,11.0,['Diploma'],['Diploma'],6.58,5.86,5.85,5.96,6.22,6.36,6.44
237:TEC,COMPUTER ENGINEERING,24391,7181788,CPE8031:MACHINE,P,CPC801,CPC802,CPC803,ELECTIVEIII,34.0,11.0,14.0,9.0,33.0,10.0,9.0,32.0,15.0,16.0,9.0,27.0,0.0,8.0,['Diploma'],['Diploma'],5.29,5.18,5.46,5.54,5.72,7.0,5.93
237:TEC,ELECTRONICS AND TELECOMMUNICATION ENGINEERING,29024,10181793,ETE802:TELECOM,P,ETC801,ETC802,ETC803,ELECTIVEII,32.0,16.0,17.0,9.0,32.0,12.0,8.0,35.0,12.0,13.0,9.0,32.0,17.0,8.0,['Diploma'],['Diploma'],5.62,5.14,5.07,4.82,5.52,6.5,5.45
237:TEC,ELECTRONICS ENGINEERING,10581,11181589,EXC8042:MOBILE,P,EXC801,EXC802,EXC803,ELECTIVEII,32.0,12.0,10.0,8.0,33.0,16.0,8.0,32.0,12.0,15.0,8.0,32.0,16.0,8.0,['Diploma'],['Diploma'],5.23,4.82,5.04,5.22,5.15,5.33,5.41
237:TEC,INFORMATION TECHNOLOGY ENGINEERING,31712,12181606,ITC8046:SOFTWARE,P,ITC801,ITC802,ITC803,ELECTIVEII,33.0,16.0,18.0,11.0,33.0,17.0,8.0,32.0,19.0,17.0,10.0,32.0,17.0,9.0,['Diploma'],['Diploma'],5.21,5.25,5.31,4.96,5.37,6.58,5.5
237:TEC,MECHANICAL,2420,14181525,MEE8022:RENEWABLE,P,MEC801,MEC802,MEC803,ELECTIVEII,32.0,15.0,19.0,11.0,36.0,14.0,15.0,35.0,17.0,13.0,14.0,33.0,15.0,12.0,['Diploma'],['Diploma'],5.96,6.21,5.7,6.11,6.59,6.8,6.4
238:TSEC,COMPUTER ENGINEERING,24567,7181964,CPE8031:MACHINE,P,CPC801,CPC802,CPC803,ELECTIVEIII,39.0,15.0,16.0,8.0,32.0,16.0,9.0,32.0,17.0,12.0,8.0,32.0,18.0,10.0,['Diploma'],['Diploma'],6.18,5.39,5.92,6.75,5.96,6.74,6.55
238:TSEC,ELECTRONICS AND TELECOMMUNICATION ENGINEERING,29143,10181912,ETE801:SPEECH,P,ETC801,ETC802,ETC803,ELECTIVEII,43.0,21.0,20.0,16.0,32.0,16.0,13.0,40.0,16.0,18.0,13.0,33.0,18.0,12.0,['Diploma'],['Diploma'],6.08,7.0,7.56,7.39,7.07,7.77,7.4
238:TSEC,INFORMATION TECHNOLOGY ENGINEERING,31780,12181674,ITC8044:ROBOTICS,P,ITC801,ITC802,ITC803,ELECTIVEII,35.0,11.0,11.0,11.0,33.0,14.0,7.0,32.0,18.0,17.0,8.0,34.0,10.0,9.0,['Diploma'],['Diploma'],5.04,5.11,5.35,6.04,6.22,6.69,6.2
356:PVPPCE,COMPUTER ENGINEERING,24722,7182119,CPE8034:DIGITAL,P,CPC801,CPC802,CPC803,ELECTIVEIII,36.0,16.0,17.0,8.0,33.0,15.0,10.0,32.0,18.0,19.0,10.0,32.0,16.0,8.0,['Diploma'],['Diploma'],4.75,5.25,4.71,5.17,6.04,7.04,5.72
356:PVPPCE,ELECTRONICS AND TELECOMMUNICATION ENGINEERING,29204,10181973,ETE802:TELECOM,P,ETC801,ETC802,ETC803,ELECTIVEII,32.0,19.0,18.0,10.0,35.0,19.0,9.0,34.0,16.0,14.0,8.0,32.0,18.0,11.0,['Diploma'],['Diploma'],4.88,4.36,5.11,4.93,5.81,6.88,5.49
356:PVPPCE,ELECTRONICS ENGINEERING,10660,11181660,EXC8042:MOBILE,P,EXC801,EXC802,EXC803,ELECTIVEII,32.0,14.0,14.0,8.0,34.0,16.0,8.0,25.0,0.0,16.0,9.0,20.0,17.0,8.0,['Diploma'],['Diploma'],4.65,4.57,4.89,4.7,5.52,6.58,5.46
356:PVPPCE,INFORMATION TECHNOLOGY ENGINEERING,31955,12181849,ITC8046:SOFTWARE,P,ITC801,ITC802,ITC803,ELECTIVEII,32.0,13.0,11.0,8.0,32.0,13.0,7.0,32.0,14.0,12.0,9.0,32.0,15.0,10.0,['Diploma'],['Diploma'],4.61,4.64,5.04,5.04,5.93,5.62,5.5
366:VESIT,COMPUTER ENGINEERING,24789,7182186,CPE8031:MACHINE,P,CPC801,CPC802,CPC803,ELECTIVEIII,39.0,12.0,10.0,8.0,32.0,14.0,9.0,32.0,16.0,15.0,9.0,26.0,0.0,10.0,['Diploma'],['Diploma'],5.07,4.61,5.71,5.96,5.96,6.52,6.05
366:VESIT,ELECTRONICS AND TELECOMMUNICATION ENGINEERING,29262,10182031,ETE801:SPEECH,P,ETC801,ETC802,ETC803,ELECTIVEII,32.0,12.0,12.0,8.0,32.0,14.0,8.0,33.0,12.0,10.0,8.0,26.0,0.0,8.0,['Diploma'],['Diploma'],5.54,4.54,5.48,4.79,5.59,5.81,5.45
366:VESIT,ELECTRONICS ENGINEERING,10738,11181702,EXC8041:ROBOTICS,P,EXC801,EXC802,EXC803,ELECTIVEII,32.0,10.0,10.0,8.0,32.0,16.0,8.0,33.0,16.0,10.0,8.0,33.0,17.0,11.0,['Diploma'],['Diploma'],4.5,4.29,5.5,5.37,6.07,5.92,5.32
366:VESIT,INFORMATION TECHNOLOGY ENGINEERING,32027,12181921,ITC8045:SOFT,P,ITC801,ITC802,ITC803,ELECTIVEII,32.0,20.0,19.0,13.0,32.0,18.0,10.0,32.0,18.0,17.0,10.0,36.0,15.0,10.0,['Diploma'],['Diploma'],5.29,6.32,6.69,7.16,7.0,6.92,6.86
366:VESIT,INSTRUMENTATION ENGINEERING,57671,13181232,ISE8042:POWER,P,ISC801,ISC802,ISC803,ELECTIVEII,32.0,18.0,17.0,8.0,39.0,16.0,13.0,39.0,17.0,16.0,11.0,32.0,16.0,8.0,['Diploma'],['Diploma'],5.89,5.78,6.32,5.64,6.57,7.0,6.41
368:WIECT,COMPUTER ENGINEERING,25023,7182420,CPE8035:BIG,P,CPC801,CPC802,CPC803,ELECTIVEIII,32.0,10.0,11.0,5.0,36.0,11.0,9.0,32.0,13.0,15.0,6.0,32.0,14.0,8.0,['Diploma'],['Diploma'],4.89,4.64,5.13,4.63,6.0,6.41,5.5
368:WIECT,ELECTRONICS AND TELECOMMUNICATION ENGINEERING,29485,10182254,ETE802:TELECOM,P,ETC801,ETC802,ETC803,ELECTIVEII,32.0,17.0,18.0,8.0,27.0,0.0,8.0,19.0,18.0,17.0,8.0,23.0,0.0,8.0,['Diploma'],['Diploma'],4.85,4.64,4.78,4.86,5.22,6.27,5.36
368:WIECT,INSTRUMENTATION ENGINEERING,57748,13181309,ISE8041:NUCLEAR,P,ISC801,ISC802,ISC803,ELECTIVEII,32.0,14.0,15.0,8.0,32.0,10.0,8.0,38.0,16.0,14.0,8.0,32.0,15.0,8.0,['Diploma'],['Diploma'],4.59,4.44,4.86,4.75,5.14,5.81,5.19
385:ACPCE,COMPUTER ENGINEERING,25096,7182493,CPE8031:MACHINE,P,CPC801,CPC802,CPC803,ELECTIVEIII,33.0,18.0,18.0,8.0,34.0,14.0,8.0,32.0,14.0,16.0,9.0,32.0,14.0,6.0,['Diploma'],['Diploma'],4.39,4.61,4.92,4.67,5.8,6.3,5.32
385:ACPCE,ELECTRICAL ENGINEERING,76,8181082,EEE801:FLEXIBLE,P,EEC801,EEC802,EEC803,ELECTIVEII,32.0,13.0,0.0,10.0,32.0,14.0,8.0,32.0,14.0,0.0,8.0,32.0,13.0,8.0,['Diploma'],['Diploma'],5.11,5.04,5.38,5.04,5.22,6.27,5.45
385:ACPCE,ELECTRONICS AND TELECOMMUNICATION ENGINEERING,29560,10182329,ETE801:SPEECH,P,ETC801,ETC802,ETC803,ELECTIVEII,32.0,15.0,16.0,8.0,34.0,18.0,9.0,32.0,15.0,17.0,11.0,26.0,0.0,8.0,['Diploma'],['Diploma'],4.81,4.46,5.41,4.71,5.7,6.46,5.43
385:ACPCE,ELECTRONICS ENGINEERING,10878,11181840,EXC8042:MOBILE,P,EXC801,EXC802,EXC803,ELECTIVEII,32.0,19.0,18.0,9.0,37.0,18.0,11.0,32.0,17.0,16.0,9.0,32.0,16.0,8.0,['Diploma'],['Diploma'],4.54,4.61,4.57,5.15,5.7,6.42,5.51
385:ACPCE,INFORMATION TECHNOLOGY ENGINEERING,32092,12181986,ITC8045:SOFT,P,ITC801,ITC802,ITC803,ELECTIVEII,32.0,12.0,12.0,9.0,26.0,0.0,9.0,18.0,0.0,12.0,8.0,16.0,0.0,8.0,['Diploma'],['Diploma'],4.43,4.5,4.35,4.0,4.23,5.73,4.91
385:ACPCE,INSTRUMENTATION ENGINEERING,57769,13181330,ISE8042:POWER,P,ISC801,ISC802,ISC803,ELECTIVEII,32.0,15.0,14.0,8.0,34.0,15.0,9.0,32.0,17.0,17.0,8.0,32.0,15.0,8.0,['Diploma'],['Diploma'],4.78,4.59,4.18,4.0,4.86,5.31,4.91
385:ACPCE,MECHANICAL,2505,14181609,MEE8022:RENEWABLE,P,MEC801,MEC802,MEC803,ELECTIVEII,27.0,0.0,13.0,10.0,18.0,15.0,9.0,19.0,13.0,13.0,11.0,19.0,16.0,8.0,['Diploma'],['Diploma'],5.62,5.21,4.48,5.18,6.0,6.28,5.72
390:RSCE,COMPUTER ENGINEERING,25180,7182577,CPE8035:BIG,P,CPC801,CPC802,CPC803,ELECTIVEIII,48.0,22.0,21.0,13.0,43.0,20.0,13.0,40.0,21.0,21.0,14.0,40.0,20.0,12.0,['Diploma'],['Diploma'],4.89,4.78,5.92,5.71,7.32,7.93,6.33
390:RSCE,ELECTRICAL ENGINEERING,228,8181241,EEE801:FLEXIBLE,P,EEC801,EEC802,EEC803,ELECTIVEII,32.0,19.0,0.0,14.0,32.0,19.0,11.0,36.0,18.0,0.0,12.0,32.0,19.0,11.0,['Diploma'],['Diploma'],5.52,4.89,5.5,4.0,4.0,7.04,5.47
390:RSCE,MECHANICAL,2568,14181683,MEE8026:AUTOMOBILE,P,MEC801,MEC802,MEC803,ELECTIVEII,32.0,15.0,14.0,8.0,32.0,17.0,9.0,26.0,0.0,12.0,10.0,19.0,16.0,10.0,['Diploma'],['Diploma'],5.75,5.14,5.44,5.42,5.63,6.76,5.91
403:SIGCE,COMPUTER ENGINEERING,25184,7182581,CPE8034:DIGITAL,P,CPC801,CPC802,CPC803,ELECTIVEIII,32.0,10.0,13.0,8.0,32.0,13.0,8.0,32.0,14.0,17.0,8.0,32.0,10.0,9.0,['Diploma'],['Diploma'],4.29,4.57,5.25,5.58,5.48,6.11,5.32
403:SIGCE,ELECTRICAL ENGINEERING,279,8181279,EEE801:FLEXIBLE,P,EEC801,EEC802,EEC803,ELECTIVEII,32.0,18.0,0.0,12.0,32.0,17.0,8.0,32.0,17.0,0.0,8.0,33.0,16.0,8.0,['Diploma'],['Diploma'],4.37,4.36,4.38,4.71,5.48,6.54,5.09
403:SIGCE,ELECTRONICS AND TELECOMMUNICATION ENGINEERING,29672,10182441,ETE802:TELECOM,P,ETC801,ETC802,ETC803,ELECTIVEII,32.0,13.0,14.0,9.0,32.0,15.0,10.0,26.0,0.0,19.0,13.0,21.0,0.0,10.0,['Diploma'],['Diploma'],5.0,4.64,5.11,4.96,5.81,6.88,5.74
403:SIGCE,INSTRUMENTATION ENGINEERING,57823,13181384,ISE8041:NUCLEAR,P,ISC801,ISC802,ISC803,ELECTIVEII,32.0,10.0,10.0,8.0,32.0,11.0,8.0,32.0,10.0,10.0,8.0,32.0,13.0,8.0,['Diploma'],['Diploma'],4.37,4.78,4.93,4.68,5.29,5.23,5.16
421:DJSCE,COMPUTER ENGINEERING,25270,7182667,CPE8031:MACHINE,P,CPC801,CPC802,CPC803,ELECTIVEIII,38.0,18.0,16.0,9.0,44.0,20.0,12.0,32.0,21.0,21.0,12.0,32.0,20.0,9.0,['Diploma'],['Diploma'],5.29,5.89,6.63,6.46,5.64,7.11,6.22
421:DJSCE,ELECTRONICS AND TELECOMMUNICATION ENGINEERING,29746,10182515,ETE801:SPEECH,P,ETC801,ETC802,ETC803,ELECTIVEII,32.0,20.0,19.0,10.0,40.0,17.0,13.0,37.0,18.0,17.0,8.0,32.0,18.0,12.0,['Diploma'],['Diploma'],6.08,5.96,7.04,6.64,6.63,7.42,6.85
421:DJSCE,ELECTRONICS ENGINEERING,10946,11181877,EXC8041:ROBOTICS,P,EXC801,EXC802,EXC803,ELECTIVEII,37.0,13.0,15.0,8.0,43.0,12.0,9.0,34.0,18.0,18.0,9.0,35.0,13.0,9.0,['Diploma'],['Diploma'],5.27,5.36,5.96,6.15,6.67,6.71,6.36
421:DJSCE,INFORMATION TECHNOLOGY ENGINEERING,32152,12182046,ITC8041:ENTERPRISE,P,ITC801,ITC802,ITC803,ELECTIVEII,36.0,19.0,18.0,10.0,36.0,19.0,13.0,38.0,17.0,15.0,8.0,40.0,19.0,14.0,['Diploma'],['Diploma'],6.57,6.79,7.58,7.12,6.48,7.19,7.28
421:DJSCE,MECHANICAL,2645,14181746,MEE8023:PROJECT,P,MEC801,MEC802,MEC803,ELECTIVEII,32.0,16.0,14.0,8.0,35.0,20.0,10.0,37.0,17.0,18.0,8.0,44.0,14.0,13.0,['Diploma'],['Diploma'],6.13,5.64,6.59,6.07,6.63,7.12,6.57
426:FCRIT,COMPUTER ENGINEERING,25426,7182823,CPE8031:MACHINE,P,CPC801,CPC802,CPC803,ELECTIVEIII,39.0,15.0,15.0,9.0,37.0,15.0,11.0,34.0,12.0,16.0,8.0,35.0,12.0,10.0,['Diploma'],['Diploma'],4.89,4.68,5.0,5.17,6.52,6.74,5.61
426:FCRIT,ELECTRICAL ENGINEERING,360,8181355,EEE802:ELECTRIC,P,EEC801,EEC802,EEC803,ELECTIVEII,38.0,10.0,0.0,11.0,35.0,13.0,12.0,42.0,12.0,0.0,12.0,36.0,13.0,15.0,['Diploma'],['Diploma'],5.0,5.46,5.31,5.96,5.78,6.92,5.8
426:FCRIT,ELECTRONICS AND TELECOMMUNICATION ENGINEERING,29915,10182684,ETE802:TELECOM,P,ETC801,ETC802,ETC803,ELECTIVEII,39.0,14.0,17.0,9.0,32.0,13.0,12.0,36.0,13.0,10.0,8.0,32.0,12.0,11.0,['Diploma'],['Diploma'],4.35,4.32,4.7,4.68,5.41,6.15,4.94
426:FCRIT,INFORMATION TECHNOLOGY ENGINEERING,32232,12182126,ITC8045:SOFT,P,ITC801,ITC802,ITC803,ELECTIVEII,33.0,16.0,19.0,9.0,32.0,14.0,9.0,32.0,15.0,17.0,8.0,37.0,14.0,8.0,['Diploma'],['Diploma'],4.93,5.43,5.92,5.12,6.04,6.27,5.79
426:FCRIT,MECHANICAL,2783,14181912,MEE8021:MICRO,P,MEC801,MEC802,MEC803,ELECTIVEII,32.0,10.0,15.0,11.0,35.0,10.0,12.0,36.0,10.0,11.0,11.0,36.0,10.0,9.0,['Diploma'],['Diploma'],5.63,5.64,5.56,5.18,5.33,5.48,5.59
428:DMCE,CIVIL,12258,6181323,CEE80410:ADVANCED,P,CEC801,CEC802,CEC803,ELECTIVEII,28.0,0.0,14.0,8.0,13.0,16.0,9.0,19.0,13.0,15.0,9.0,16.0,14.0,8.0,['Diploma'],['Diploma'],4.78,4.73,5.48,4.86,5.85,6.21,5.52
428:DMCE,COMPUTER ENGINEERING,25484,7182881,CPE8031:MACHINE,P,CPC801,CPC802,CPC803,ELECTIVEIII,32.0,14.0,17.0,8.0,35.0,10.0,12.0,32.0,12.0,14.0,8.0,32.0,18.0,9.0,['Diploma'],['Diploma'],4.82,4.93,5.33,6.33,6.4,7.0,5.9
428:DMCE,ELECTRONICS ENGINEERING,11025,11181954,EXC8042:MOBILE,P,EXC801,EXC802,EXC803,ELECTIVEII,32.0,17.0,16.0,10.0,32.0,16.0,8.0,32.0,17.0,17.0,10.0,35.0,18.0,8.0,['Diploma'],['Diploma'],4.62,4.21,4.57,5.0,5.26,6.46,5.42
428:DMCE,INFORMATION TECHNOLOGY ENGINEERING,32310,12182204,ITC8046:SOFTWARE,P,ITC801,ITC802,ITC803,ELECTIVEII,32.0,11.0,14.0,8.0,26.0,0.0,8.0,17.0,11.0,12.0,8.0,20.0,10.0,8.0,['Diploma'],['Diploma'],4.68,4.64,4.62,4.28,5.56,5.58,5.36
428:DMCE,MECHANICAL,2859,14181982,MEE8022:RENEWABLE,P,MEC801,MEC802,MEC803,ELECTIVEII,32.0,12.0,15.0,8.0,25.0,0.0,10.0,23.0,11.0,18.0,8.0,23.0,11.0,11.0,['Diploma'],['Diploma'],5.7,5.21,4.85,5.14,5.74,5.84,5.59
438:KGSCE,COMPUTER ENGINEERING,25649,7183046,CPE8031:MACHINE,P,CPC801,CPC802,CPC803,ELECTIVEIII,35.0,18.0,19.0,8.0,32.0,17.0,11.0,32.0,19.0,18.0,8.0,33.0,18.0,8.0,['Diploma'],['Diploma'],4.89,4.79,5.29,5.58,6.72,6.85,5.75
438:KGSCE,ELECTRONICS AND TELECOMMUNICATION ENGINEERING,29967,10182736,ETE802:TELECOM,P,ETC801,ETC802,ETC803,ELECTIVEII,33.0,18.0,16.0,9.0,32.0,17.0,8.0,32.0,17.0,17.0,9.0,34.0,20.0,8.0,['Diploma'],['Diploma'],4.88,5.14,5.52,4.61,5.07,6.35,5.44
438:KGSCE,INFORMATION TECHNOLOGY ENGINEERING,32455,12182349,ITC8046:SOFTWARE,P,ITC801,ITC802,ITC803,ELECTIVEII,32.0,19.0,18.0,6.0,32.0,18.0,8.0,32.0,17.0,16.0,8.0,32.0,10.0,8.0,['Diploma'],['Diploma'],4.96,4.43,5.38,5.28,5.85,6.73,5.65
438:KGSCE,INSTRUMENTATION ENGINEERING,57853,13181414,ISE8041:NUCLEAR,P,ISC801,ISC802,ISC803,ELECTIVEII,32.0,12.0,15.0,8.0,32.0,16.0,14.0,36.0,20.0,20.0,12.0,34.0,18.0,9.0,['Diploma'],['Diploma'],5.7,5.04,5.82,5.36,6.18,6.77,6.08
438:KGSCE,MECHANICAL,3004,14182130,MEE8022:RENEWABLE,P,MEC801,MEC802,MEC803,ELECTIVEII,25.0,0.0,11.0,8.0,20.0,15.0,9.0,21.0,11.0,15.0,8.0,21.0,12.0,11.0,['Diploma'],['Diploma'],5.38,4.93,4.63,4.46,5.93,6.76,5.73
442:LTCE,COMPUTER ENGINEERING,25712,7183109,CPE8031:MACHINE,P,CPC801,CPC802,CPC803,ELECTIVEIII,32.0,13.0,14.0,4.0,33.0,15.0,9.0,32.0,13.0,14.0,8.0,32.0,15.0,8.0,['Diploma'],['Diploma'],4.39,4.71,5.0,4.33,5.92,6.63,5.33
442:LTCE,ELECTRICAL ENGINEERING,446,8181421,EEE801:FLEXIBLE,P,EEC801,EEC802,EEC803,ELECTIVEII,32.0,10.0,0.0,8.0,32.0,10.0,7.0,32.0,10.0,0.0,8.0,32.0,13.0,5.0,['Diploma'],['Diploma'],5.26,4.79,5.42,5.11,5.26,6.15,5.44
442:LTCE,ELECTRONICS AND TELECOMMUNICATION ENGINEERING,30013,10182782,ETE802:TELECOM,P,ETC801,ETC802,ETC803,ELECTIVEII,32.0,20.0,20.0,10.0,32.0,20.0,10.0,26.0,0.0,19.0,9.0,23.0,19.0,8.0,['Diploma'],['Diploma'],4.58,4.61,5.07,4.64,5.52,6.77,5.48
442:LTCE,ELECTRONICS ENGINEERING,11123,11182069,EXC8041:ROBOTICS,P,EXC801,EXC802,EXC803,ELECTIVEII,32.0,12.0,15.0,9.0,32.0,14.0,8.0,32.0,12.0,1.0,3.0,32.0,14.0,9.0,['Diploma'],['Diploma'],4.73,5.14,5.0,5.41,5.19,5.58,5.35
442:LTCE,MECHANICAL,3158,14182286,MEE8022:RENEWABLE,P,MEC801,MEC802,MEC803,ELECTIVEII,25.0,0.0,10.0,8.0,19.0,11.0,8.0,20.0,0.0,13.0,9.0,15.0,10.0,9.0,['Diploma'],['Diploma'],5.29,4.57,4.48,4.5,5.22,6.6,5.42
443:FAMT,ELECTRICAL ENGINEERING,529,8181490,EEE801:FLEXIBLE,P,EEC801,EEC802,EEC803,ELECTIVEII,32.0,19.0,0.0,12.0,32.0,19.0,16.0,32.0,14.0,0.0,11.0,32.0,17.0,12.0,['Diploma'],['Diploma'],5.59,5.86,6.69,6.04,6.59,6.92,6.83
443:FAMT,ELECTRONICS AND TELECOMMUNICATION ENGINEERING,30133,10182902,ETE802:TELECOM,P,ETC801,ETC802,ETC803,ELECTIVEII,35.0,17.0,15.0,9.0,39.0,17.0,13.0,35.0,16.0,15.0,8.0,32.0,17.0,8.0,['Diploma'],['Diploma'],6.08,5.21,5.81,5.39,5.96,6.54,6.1
443:FAMT,ELECTRONICS ENGINEERING,11180,11182094,EXC8042:MOBILE,P,EXC801,EXC802,EXC803,ELECTIVEII,33.0,17.0,17.0,10.0,36.0,15.0,9.0,32.0,13.0,17.0,13.0,32.0,19.0,11.0,['Diploma'],['Diploma'],5.31,4.46,5.0,4.67,6.3,6.75,5.58
443:FAMT,INFORMATION TECHNOLOGY ENGINEERING,32495,12182389,ITC8041:ENTERPRISE,P,ITC801,ITC802,ITC803,ELECTIVEII,32.0,14.0,12.0,8.0,26.0,0.0,8.0,21.0,14.0,15.0,8.0,19.0,14.0,10.0,['Diploma'],['Diploma'],4.46,4.89,5.54,4.92,5.67,6.42,5.66
443:FAMT,MECHANICAL,3472,14182572,MEE8022:RENEWABLE,P,MEC801,MEC802,MEC803,ELECTIVEII,32.0,15.0,13.0,10.0,35.0,14.0,11.0,32.0,14.0,13.0,8.0,35.0,10.0,9.0,['Diploma'],['Diploma'],6.42,6.07,5.81,5.78,6.19,6.72,6.39
461:SSJCE,COMPUTER ENGINEERING,25857,7183253,CPE8034:DIGITAL,P,CPC801,CPC802,CPC803,ELECTIVEIII,35.0,17.0,15.0,9.0,36.0,12.0,9.0,32.0,19.0,18.0,9.0,32.0,16.0,8.0,['Diploma'],['Diploma'],4.66,4.73,4.64,4.54,6.36,6.11,5.62
461:SSJCE,ELECTRONICS AND TELECOMMUNICATION ENGINEERING,30216,10182984,ETE802:TELECOM,P,ETC801,ETC802,ETC803,ELECTIVEII,32.0,19.0,18.0,9.0,32.0,18.0,9.0,32.0,17.0,17.0,11.0,32.0,17.0,11.0,['Diploma'],['Diploma'],4.92,4.79,5.15,4.68,5.85,6.69,5.74
461:SSJCE,INFORMATION TECHNOLOGY ENGINEERING,32582,12182476,ITC8046:SOFTWARE,P,ITC801,ITC802,ITC803,ELECTIVEII,32.0,20.0,18.0,9.0,32.0,20.0,10.0,32.0,19.0,20.0,9.0,32.0,20.0,11.0,['Diploma'],['Diploma'],5.25,5.04,5.44,5.16,6.3,6.77,5.87
461:SSJCE,MECHANICAL,3624,14182719,MEE8022:RENEWABLE,P,MEC801,MEC802,MEC803,ELECTIVEII,32.0,19.0,16.0,8.0,32.0,17.0,9.0,32.0,14.0,17.0,8.0,32.0,20.0,8.0,['Diploma'],['Diploma'],4.8,4.79,5.56,5.18,5.74,6.88,5.66
466:VCET,CIVIL,12490,6181544,CEE80415:INDUSTRIAL,P,CEC801,CEC802,CEC803,ELECTIVEII,32.0,20.0,19.0,13.0,42.0,18.0,15.0,33.0,18.0,18.0,12.0,35.0,16.0,12.0,['Diploma'],['Diploma'],5.81,6.31,6.52,6.07,6.93,7.29,6.9
466:VCET,COMPUTER ENGINEERING,25971,7183367,CPE8031:MACHINE,P,CPC801,CPC802,CPC803,ELECTIVEIII,40.0,19.0,17.0,8.0,33.0,17.0,12.0,33.0,19.0,19.0,10.0,26.0,0.0,9.0,['Diploma'],['Diploma'],4.93,5.04,5.54,5.71,6.12,6.93,5.92
466:VCET,ELECTRONICS AND TELECOMMUNICATION ENGINEERING,30292,10183060,ETE802:TELECOM,P,ETC801,ETC802,ETC803,ELECTIVEII,42.0,12.0,16.0,8.0,34.0,12.0,8.0,42.0,12.0,12.0,8.0,40.0,11.0,8.0,['Diploma'],['Diploma'],5.46,4.68,5.96,5.32,6.37,6.92,5.92
466:VCET,INFORMATION TECHNOLOGY ENGINEERING,32645,12182539,ITC8041:ENTERPRISE,P,ITC801,ITC802,ITC803,ELECTIVEII,32.0,15.0,12.0,8.0,32.0,12.0,8.0,32.0,15.0,12.0,8.0,32.0,15.0,10.0,['Diploma'],['Diploma'],5.04,4.79,5.46,5.44,6.07,6.04,5.61
466:VCET,INSTRUMENTATION ENGINEERING,57877,13181438,ISE8041:NUCLEAR,P,ISC801,ISC802,ISC803,ELECTIVEII,32.0,16.0,15.0,8.0,33.0,15.0,8.0,33.0,15.0,14.0,8.0,32.0,15.0,8.0,['Diploma'],['Diploma'],4.78,4.41,4.79,4.75,5.46,5.46,5.27
466:VCET,MECHANICAL,3701,14182798,MEE8022:RENEWABLE,P,MEC801,MEC802,MEC803,ELECTIVEII,32.0,13.0,15.0,8.0,34.0,15.0,8.0,32.0,11.0,10.0,8.0,32.0,15.0,9.0,['Diploma'],['Diploma'],4.91,4.34,5.07,4.64,5.11,5.92,5.53
522:RIZVI,CIVIL,12566,6181615,CEE80415:INDUSTRIAL,P,CEC801,CEC802,CEC803,ELECTIVEII,27.0,0.0,11.0,8.0,19.0,17.0,10.0,21.0,0.0,10.0,8.0,18.0,15.0,8.0,['Diploma'],['Diploma'],4.96,4.75,4.68,4.75,5.33,5.42,5.12
522:RIZVI,COMPUTER ENGINEERING,26051,7183447,CPE8031:MACHINE,P,CPC801,CPC802,CPC803,ELECTIVEIII,32.0,12.0,13.0,11.0,35.0,18.0,11.0,25.0,0.0,18.0,9.0,23.0,15.0,13.0,['Diploma'],['Diploma'],4.5,4.46,4.8,5.75,5.48,6.59,5.71
522:RIZVI,ELECTRONICS AND TELECOMMUNICATION ENGINEERING,30370,10183138,ETE802:TELECOM,P,ETC801,ETC802,ETC803,ELECTIVEII,32.0,12.0,14.0,12.0,32.0,15.0,12.0,32.0,14.0,14.0,8.0,32.0,14.0,14.0,['Diploma'],['Diploma'],5.08,4.68,5.41,5.61,5.78,6.73,5.95
522:RIZVI,ELECTRONICS ENGINEERING,27506,11182143,EXC8042:MOBILE,P,EXC801,EXC802,EXC803,ELECTIVEII,32.0,20.0,18.0,11.0,29.0,3.0,16.0,23.0,20.0,19.0,12.0,21.0,20.0,13.0,['Diploma'],['Diploma'],4.62,4.25,4.61,5.0,5.41,6.71,5.32
522:RIZVI,MECHANICAL,3836,14182942,MEE8022:RENEWABLE,P,MEC801,MEC802,MEC803,ELECTIVEII,32.0,15.0,16.0,9.0,38.0,15.0,14.0,37.0,17.0,13.0,10.0,32.0,20.0,14.0,['Diploma'],['Diploma'],5.83,5.79,5.81,6.0,6.37,7.12,6.28
523:RMCET,AUTOMOBILE ENGINEERING,1571,39280080,AEE8022:VEHICLE,P,AEC801,AEC802,AEC803,ELECTIVEII,35.0,12.0,14.0,11.0,34.0,14.0,9.0,35.0,14.0,15.0,8.0,32.0,18.0,8.0,['Diploma'],['Diploma'],5.38,5.29,5.3,5.07,6.0,6.44,5.85
523:RMCET,COMPUTER ENGINEERING,26122,7183518,CPE8035:BIG,P,CPC801,CPC802,CPC803,ELECTIVEIII,26.0,0.0,16.0,8.0,17.0,12.0,9.0,14.0,19.0,15.0,11.0,22.0,17.0,10.0,['Diploma'],['Diploma'],5.18,4.86,5.5,5.38,5.76,6.44,5.73
523:RMCET,ELECTRONICS AND TELECOMMUNICATION ENGINEERING,30436,10183204,ETE802:TELECOM,P,ETC801,ETC802,ETC803,ELECTIVEII,32.0,14.0,14.0,8.0,34.0,18.0,9.0,33.0,20.0,15.0,8.0,32.0,17.0,8.0,['Diploma'],['Diploma'],4.88,4.61,5.63,5.32,5.48,6.38,5.7
523:RMCET,MECHANICAL,3917,14183024,MEE8022:RENEWABLE,P,MEC801,MEC802,MEC803,ELECTIVEII,32.0,16.0,13.0,8.0,33.0,17.0,10.0,32.0,17.0,13.0,8.0,36.0,17.0,9.0,['Diploma'],['Diploma'],5.67,5.43,5.26,5.46,5.96,6.36,5.84
524:MCTCE,COMPUTER ENGINEERING,26158,7183554,CPE8031:MACHINE,P,CPC801,CPC802,CPC803,ELECTIVEIII,40.0,10.0,14.0,10.0,40.0,15.0,13.0,32.0,13.0,15.0,8.0,32.0,13.0,8.0,['Diploma'],['Diploma'],5.04,4.61,5.29,5.62,5.92,6.44,5.63
524:MCTCE,ELECTRONICS AND TELECOMMUNICATION ENGINEERING,30511,10183279,ETE801:SPEECH,P,ETC801,ETC802,ETC803,ELECTIVEII,35.0,10.0,14.0,6.0,33.0,14.0,2.0,38.0,18.0,15.0,8.0,32.0,13.0,8.0,['Diploma'],['Diploma'],4.85,4.64,5.37,5.5,5.81,6.58,5.8
524:MCTCE,INFORMATION TECHNOLOGY ENGINEERING,32696,12182590,ITC8045:SOFT,P,ITC801,ITC802,ITC803,ELECTIVEII,32.0,19.0,18.0,13.0,34.0,17.0,11.0,32.0,18.0,1.0,7.0,28.0,0.0,10.0,['Diploma'],['Diploma'],4.71,5.14,5.65,4.76,5.41,6.73,5.91
524:MCTCE,INSTRUMENTATION ENGINEERING,57948,13181509,ISE8041:NUCLEAR,P,ISC801,ISC802,ISC803,ELECTIVEII,32.0,15.0,15.0,8.0,32.0,15.0,9.0,32.0,13.0,17.0,8.0,28.0,14.0,8.0,['Diploma'],['Diploma'],4.52,4.48,5.11,4.93,5.5,6.31,5.51
524:MCTCE,MECHANICAL,3997,14183096,MEE8022:RENEWABLE,P,MEC801,MEC802,MEC803,ELECTIVEII,32.0,18.0,16.0,10.0,33.0,14.0,10.0,34.0,16.0,16.0,9.0,35.0,16.0,8.0,['Diploma'],['Diploma'],5.88,5.61,5.63,6.0,6.52,6.84,6.23
531:SFIT,COMPUTER ENGINEERING,17809,7183713,CPE8031:MACHINE,P,CPC801,CPC802,CPC803,ELECTIVEIII,32.0,14.0,14.0,8.0,36.0,15.0,11.0,32.0,16.0,18.0,9.0,32.0,17.0,10.0,['Diploma'],['Diploma'],4.54,4.61,4.75,5.0,6.52,6.44,5.52
531:SFIT,ELECTRONICS AND TELECOMMUNICATION ENGINEERING,30648,10183416,ETE802:TELECOM,P,ETC801,ETC802,ETC803,ELECTIVEII,33.0,17.0,17.0,11.0,32.0,20.0,12.0,32.0,18.0,14.0,8.0,25.0,0.0,8.0,['Diploma'],['Diploma'],5.19,5.14,5.41,4.89,6.04,6.42,5.72
531:SFIT,INFORMATION TECHNOLOGY ENGINEERING,32787,12182681,ITC8045:SOFT,P,ITC801,ITC802,ITC803,ELECTIVEII,25.0,0.0,19.0,10.0,20.0,17.0,10.0,16.0,12.0,15.0,8.0,19.0,17.0,8.0,['Diploma'],['Diploma'],4.86,4.5,5.23,5.12,5.44,6.08,5.53
532:ACE,COMPUTER ENGINEERING,17931,7183897,CPE8031:MACHINE,P,CPC801,CPC802,CPC803,ELECTIVEIII,34.0,19.0,18.0,8.0,32.0,17.0,9.0,32.0,17.0,18.0,8.0,32.0,17.0,8.0,['Diploma'],['Diploma'],5.5,4.96,5.88,6.17,5.96,6.19,6.0
532:ACE,ELECTRICAL ENGINEERING,598,8181567,EEE801:FLEXIBLE,P,EEC801,EEC802,EEC803,ELECTIVEII,32.0,18.0,0.0,10.0,32.0,18.0,8.0,32.0,18.0,0.0,9.0,32.0,18.0,8.0,['Diploma'],['Diploma'],5.96,5.57,5.38,5.07,5.96,6.65,5.94
532:ACE,ELECTRONICS AND TELECOMMUNICATION ENGINEERING,30798,10183566,ETE802:TELECOM,P,ETC801,ETC802,ETC803,ELECTIVEII,34.0,16.0,16.0,9.0,35.0,15.0,8.0,32.0,15.0,17.0,8.0,32.0,17.0,9.0,['Diploma'],['Diploma'],5.38,4.82,5.51,4.33,5.22,6.08,5.45
532:ACE,ELECTRONICS ENGINEERING,11280,11182219,EXC8042:MOBILE,P,EXC801,EXC802,EXC803,ELECTIVEII,32.0,17.0,15.0,9.0,38.0,17.0,8.0,32.0,17.0,16.0,10.0,32.0,17.0,8.0,['Diploma'],['Diploma'],5.35,4.57,5.14,4.63,5.44,6.04,5.48
532:ACE,INFORMATION TECHNOLOGY ENGINEERING,32946,12182840,ITC8046:SOFTWARE,P,ITC801,ITC802,ITC803,ELECTIVEII,32.0,16.0,16.0,8.0,32.0,17.0,8.0,32.0,15.0,15.0,8.0,28.0,0.0,8.0,['Diploma'],['Diploma'],4.39,4.82,5.62,4.88,5.59,6.27,5.36
533:SSPM,COMPUTER ENGINEERING,18032,7183998,CPE8034:DIGITAL,P,CPC801,CPC802,CPC803,ELECTIVEIII,32.0,15.0,18.0,8.0,39.0,16.0,9.0,32.0,17.0,16.0,9.0,33.0,16.0,9.0,['Diploma'],['Diploma'],4.68,5.0,5.83,5.54,6.36,6.59,5.76
533:SSPM,ELECTRICAL ENGINEERING,671,8181643,EEE801:FLEXIBLE,P,EEC801,EEC802,EEC803,ELECTIVEII,32.0,19.0,0.0,10.0,26.0,13.0,9.0,32.0,17.0,0.0,10.0,32.0,19.0,8.0,['Diploma'],['Diploma'],5.33,4.86,5.23,4.93,5.41,6.35,5.75
533:SSPM,ELECTRONICS AND TELECOMMUNICATION ENGINEERING,30943,10183711,ETE802:TELECOM,P,ETC801,ETC802,ETC803,ELECTIVEII,32.0,19.0,18.0,11.0,35.0,16.0,10.0,32.0,18.0,15.0,14.0,32.0,21.0,17.0,['Diploma'],['Diploma'],4.88,4.86,4.93,4.79,6.04,6.65,5.55
533:SSPM,MECHANICAL,4144,14183241,MEE8026:AUTOMOBILE,P,MEC801,MEC802,MEC803,ELECTIVEII,32.0,15.0,11.0,10.0,32.0,13.0,8.0,32.0,15.0,18.0,10.0,35.0,15.0,9.0,['Diploma'],['Diploma'],5.71,4.82,5.15,5.04,5.07,6.28,5.44
534:VIT,COMPUTER ENGINEERING,18105,7184071,CPE8031:MACHINE,P,CPC801,CPC802,CPC803,ELECTIVEIII,32.0,10.0,10.0,8.0,32.0,10.0,9.0,32.0,10.0,12.0,8.0,32.0,10.0,8.0,['Diploma'],['Diploma'],5.07,5.0,5.5,5.11,5.52,5.22,5.57
534:VIT,ELECTRONICS AND TELECOMMUNICATION ENGINEERING,7897,10183773,ETE802:TELECOM,P,ETC801,ETC802,ETC803,ELECTIVEII,32.0,13.0,16.0,10.0,32.0,11.0,8.0,26.0,0.0,13.0,8.0,18.0,12.0,8.0,['Diploma'],['Diploma'],5.04,4.96,5.15,4.93,5.56,6.31,5.52
534:VIT,ELECTRONICS ENGINEERING,11340,11182273,EXC8041:ROBOTICS,P,EXC801,EXC802,EXC803,ELECTIVEII,25.0,0.0,10.0,9.0,19.0,11.0,8.0,22.0,0.0,15.0,9.0,13.0,0.0,8.0,['Diploma'],['Diploma'],5.04,4.68,4.86,4.74,5.11,5.33,5.39
534:VIT,INFORMATION TECHNOLOGY ENGINEERING,33098,12182992,ITC8045:SOFT,P,ITC801,ITC802,ITC803,ELECTIVEII,32.0,11.0,10.0,9.0,25.0,0.0,9.0,18.0,10.0,10.0,9.0,19.0,11.0,8.0,['Diploma'],['Diploma'],5.07,4.27,4.73,4.68,5.81,5.46,5.57
537:TCET,CIVIL,12718,6181767,CEE80415:INDUSTRIAL,P,CEC801,CEC802,CEC803,ELECTIVEII,32.0,19.0,19.0,10.0,32.0,18.0,12.0,33.0,14.0,19.0,10.0,36.0,10.0,10.0,['Diploma'],['Diploma'],5.26,4.9,4.76,5.21,5.44,6.54,5.58
537:TCET,COMPUTER ENGINEERING,18343,7184309,CPE8031:MACHINE,P,CPC801,CPC802,CPC803,ELECTIVEIII,37.0,12.0,14.0,9.0,45.0,15.0,9.0,27.0,0.0,15.0,8.0,21.0,14.0,9.0,['Diploma'],['Diploma'],4.64,5.0,5.79,5.83,6.28,6.44,6.25
537:TCET,ELECTRONICS AND TELECOMMUNICATION ENGINEERING,8118,10183994,ETE801:SPEECH,P,ETC801,ETC802,ETC803,ELECTIVEII,33.0,13.0,15.0,9.0,37.0,15.0,8.0,26.0,0.0,11.0,8.0,13.0,11.0,11.0,['Diploma'],['Diploma'],5.23,4.82,4.89,4.64,5.26,5.73,5.46
537:TCET,ELECTRONICS ENGINEERING,11549,11182483,EXC8041:ROBOTICS,P,EXC801,EXC802,EXC803,ELECTIVEII,32.0,12.0,10.0,8.0,32.0,12.0,8.0,32.0,15.0,14.0,8.0,28.0,0.0,8.0,['Diploma'],['Diploma'],5.08,4.64,5.39,5.0,5.07,5.38,5.38
537:TCET,INFORMATION TECHNOLOGY ENGINEERING,33314,12183208,ITC8041:ENTERPRISE,P,ITC801,ITC802,ITC803,ELECTIVEII,36.0,12.0,15.0,8.0,32.0,14.0,10.0,32.0,16.0,16.0,9.0,35.0,14.0,13.0,['Diploma'],['Diploma'],5.43,4.61,4.96,4.96,6.33,6.69,5.5
537:TCET,MECHANICAL,4232,14183330,MEE80210:WORLD,P,MEC801,MEC802,MEC803,ELECTIVEII,26.0,0.0,13.0,10.0,17.0,12.0,11.0,15.0,12.0,15.0,8.0,19.0,12.0,11.0,['Diploma'],['Diploma'],5.38,5.57,5.44,5.18,6.37,6.72,5.85
55:CRCE,COMPUTER ENGINEERING,23748,7181146,CPE8031:MACHINE,P,CPC801,CPC802,CPC803,ELECTIVEIII,44.0,11.0,12.0,8.0,38.0,11.0,10.0,32.0,11.0,16.0,9.0,34.0,10.0,10.0,['Diploma'],['Diploma'],5.46,5.62,5.67,5.92,5.96,7.04,6.43
55:CRCE,ELECTRONICS ENGINEERING,10086,11181053,EXC8041:ROBOTICS,P,EXC801,EXC802,EXC803,ELECTIVEII,32.0,18.0,10.0,9.0,34.0,15.0,8.0,33.0,14.0,12.0,8.0,25.0,0.0,8.0,['Diploma'],['Diploma'],4.88,4.68,5.39,5.33,5.56,5.54,5.45
55:CRCE,INFORMATION TECHNOLOGY ENGINEERING,31257,12181151,ITC8041:ENTERPRISE,P,ITC801,ITC802,ITC803,ELECTIVEII,33.0,18.0,16.0,8.0,32.0,13.0,8.0,32.0,19.0,19.0,10.0,37.0,18.0,10.0,['Diploma'],['Diploma'],4.71,4.71,5.31,5.2,5.56,6.12,5.63
561:PIITE,AUTOMOBILE ENGINEERING,1646,39280155,AEE8022:VEHICLE,P,AEC801,AEC802,AEC803,ELECTIVEII,33.0,18.0,18.0,9.0,35.0,18.0,9.0,39.0,19.0,19.0,9.0,32.0,18.0,10.0,['Diploma'],['Diploma'],5.29,4.93,5.44,5.04,5.73,7.08,5.85
561:PIITE,COMPUTER ENGINEERING,18494,7184460,CPE8034:DIGITAL,P,CPC801,CPC802,CPC803,ELECTIVEIII,35.0,19.0,18.0,8.0,34.0,15.0,9.0,32.0,19.0,19.0,10.0,32.0,16.0,8.0,['Diploma'],['Diploma'],4.46,4.68,5.54,5.71,6.32,7.3,5.88
561:PIITE,ELECTRONICS AND TELECOMMUNICATION ENGINEERING,8275,10184151,ETE801:SPEECH,P,ETC801,ETC802,ETC803,ELECTIVEII,34.0,14.0,14.0,9.0,32.0,16.0,9.0,25.0,0.0,14.0,8.0,20.0,0.0,12.0,['Diploma'],['Diploma'],5.04,4.5,4.78,4.89,5.93,6.42,5.57
561:PIITE,ELECTRONICS ENGINEERING,11617,11182563,EXC8042:MOBILE,P,EXC801,EXC802,EXC803,ELECTIVEII,32.0,16.0,13.0,9.0,33.0,16.0,8.0,32.0,16.0,15.0,8.0,32.0,14.0,9.0,['Diploma'],['Diploma'],4.81,4.5,4.86,4.44,5.44,6.13,5.16
561:PIITE,INFORMATION TECHNOLOGY ENGINEERING,33471,12183365,ITC8044:ROBOTICS,P,ITC801,ITC802,ITC803,ELECTIVEII,32.0,15.0,16.0,8.0,32.0,14.0,9.0,32.0,15.0,1.0,6.0,32.0,21.0,15.0,['Diploma'],['Diploma'],4.75,4.89,5.04,5.16,6.26,6.54,5.82
561:PIITE,MECHANICAL,4401,14183475,MEE8023:PROJECT,P,MEC801,MEC802,MEC803,ELECTIVEII,32.0,14.0,10.0,8.0,28.0,0.0,10.0,17.0,12.0,14.0,8.0,17.0,17.0,8.0,['Diploma'],['Diploma'],5.46,4.71,5.07,4.54,5.48,6.4,5.3
688:DBIT,COMPUTER ENGINEERING,18633,7184599,CPE8031:MACHINE,P,CPC801,CPC802,CPC803,ELECTIVEIII,38.0,10.0,15.0,8.0,39.0,13.0,13.0,33.0,16.0,18.0,9.0,32.0,14.0,8.0,['Diploma'],['Diploma'],4.93,4.82,5.25,6.13,5.84,6.7,5.97
688:DBIT,ELECTRONICS AND TELECOMMUNICATION ENGINEERING,8423,10184299,ETE802:TELECOM,P,ETC801,ETC802,ETC803,ELECTIVEII,39.0,18.0,16.0,11.0,32.0,17.0,9.0,33.0,18.0,20.0,11.0,25.0,0.0,11.0,['Diploma'],['Diploma'],4.58,4.5,4.67,4.75,5.89,6.58,5.17
688:DBIT,INFORMATION TECHNOLOGY ENGINEERING,33605,12183499,ITC8041:ENTERPRISE,P,ITC801,ITC802,ITC803,ELECTIVEII,32.0,10.0,13.0,9.0,32.0,10.0,8.0,32.0,13.0,16.0,8.0,32.0,11.0,8.0,['Diploma'],['Diploma'],4.93,4.68,4.96,5.04,5.81,5.58,5.48
688:DBIT,MECHANICAL,4532,14183622,MEE80210:WORLD,P,MEC801,MEC802,MEC803,ELECTIVEII,32.0,12.0,10.0,8.0,33.0,10.0,8.0,32.0,16.0,17.0,9.0,33.0,13.0,8.0,['Diploma'],['Diploma'],5.0,4.68,4.96,4.71,5.44,6.4,5.31
689:KCCE,COMPUTER ENGINEERING,18715,7184681,CPE8031:MACHINE,P,CPC801,CPC802,CPC803,ELECTIVEIII,32.0,17.0,18.0,10.0,33.0,16.0,9.0,27.0,0.0,16.0,8.0,20.0,15.0,8.0,['Diploma'],['Diploma'],4.57,4.61,4.88,5.17,5.88,6.48,5.5
689:KCCE,ELECTRONICS AND TELECOMMUNICATION ENGINEERING,8486,10184362,ETE802:TELECOM,P,ETC801,ETC802,ETC803,ELECTIVEII,37.0,17.0,18.0,9.0,32.0,15.0,10.0,25.0,0.0,17.0,8.0,18.0,19.0,11.0,['Diploma'],['Diploma'],5.19,4.93,5.11,4.61,5.56,6.58,5.56
689:KCCE,ELECTRONICS ENGINEERING,11733,11182643,EXC8042:MOBILE,P,EXC801,EXC802,EXC803,ELECTIVEII,32.0,19.0,16.0,9.0,33.0,17.0,8.0,32.0,18.0,15.0,8.0,26.0,0.0,10.0,['Diploma'],['Diploma'],5.33,4.79,4.75,5.3,6.04,6.33,5.82
689:KCCE,INFORMATION TECHNOLOGY ENGINEERING,33683,12183577,ITC8046:SOFTWARE,P,ITC801,ITC802,ITC803,ELECTIVEII,32.0,18.0,16.0,9.0,26.0,0.0,9.0,23.0,16.0,2.0,6.0,23.0,0.0,8.0,['Diploma'],['Diploma'],4.92,4.79,4.92,5.04,5.59,6.12,5.58
690:SIES,COMPUTER ENGINEERING,18849,7184815,CPE8031:MACHINE,P,CPC801,CPC802,CPC803,ELECTIVEIII,32.0,17.0,16.0,8.0,33.0,16.0,8.0,34.0,17.0,17.0,8.0,32.0,15.0,11.0,['Diploma'],['Diploma'],4.89,4.93,5.13,5.67,5.96,6.33,5.6
690:SIES,ELECTRONICS AND TELECOMMUNICATION ENGINEERING,8581,10184457,ETE801:SPEECH,P,ETC801,ETC802,ETC803,ELECTIVEII,27.0,0.0,15.0,8.0,21.0,11.0,6.0,20.0,10.0,16.0,8.0,20.0,14.0,8.0,['Diploma'],['Diploma'],4.81,4.36,5.19,4.75,4.96,5.88,5.22
690:SIES,INFORMATION TECHNOLOGY ENGINEERING,33775,12183669,ITC8045:SOFT,P,ITC801,ITC802,ITC803,ELECTIVEII,32.0,18.0,17.0,8.0,32.0,17.0,8.0,32.0,16.0,18.0,8.0,32.0,16.0,8.0,['Diploma'],['Diploma'],5.14,5.32,5.38,5.16,5.7,6.19,5.54
690:SIES,MECHANICAL,4682,14183778,MEE80210:WORLD,P,MEC801,MEC802,MEC803,ELECTIVEII,32.0,17.0,16.0,14.0,36.0,16.0,8.0,37.0,15.0,18.0,8.0,33.0,18.0,9.0,['Diploma'],['Diploma'],5.75,5.07,4.78,5.21,6.37,6.8,5.92
691:KJSIET,COMPUTER ENGINEERING,18937,7184903,CPE8031:MACHINE,P,CPC801,CPC802,CPC803,ELECTIVEIII,40.0,15.0,16.0,10.0,41.0,15.0,10.0,32.0,15.0,18.0,9.0,36.0,11.0,8.0,['Diploma'],['Diploma'],5.0,5.18,5.42,6.08,6.8,6.52,6.43
691:KJSIET,ELECTRONICS AND TELECOMMUNICATION ENGINEERING,8731,10184607,ETE802:TELECOM,P,ETC801,ETC802,ETC803,ELECTIVEII,32.0,11.0,13.0,8.0,32.0,17.0,9.0,32.0,16.0,1.0,7.0,32.0,16.0,8.0,['Diploma'],['Diploma'],5.12,4.89,5.56,5.14,5.48,6.31,5.69
691:KJSIET,ELECTRONICS ENGINEERING,11764,11182672,EXC8042:MOBILE,P,EXC801,EXC802,EXC803,ELECTIVEII,32.0,14.0,16.0,8.0,34.0,15.0,8.0,32.0,13.0,2.0,6.0,33.0,16.0,9.0,['Diploma'],['Diploma'],4.38,4.18,4.64,5.3,5.22,6.0,5.36
691:KJSIET,INFORMATION TECHNOLOGY ENGINEERING,33838,12183732,ITC8041:ENTERPRISE,P,ITC801,ITC802,ITC803,ELECTIVEII,34.0,20.0,17.0,11.0,32.0,20.0,8.0,32.0,18.0,17.0,8.0,33.0,19.0,11.0,['Diploma'],['Diploma'],5.32,4.86,5.92,5.72,6.48,7.35,6.03
692:SCE,AUTOMOBILE ENGINEERING,1727,39280236,AEE8022:VEHICLE,P,AEC801,AEC802,AEC803,ELECTIVEII,42.0,18.0,15.0,8.0,40.0,17.0,8.0,36.0,20.0,20.0,13.0,37.0,16.0,9.0,['Diploma'],['Diploma'],5.12,5.61,5.74,5.22,6.58,7.4,6.23
692:SCE,CIVIL,12855,6181909,CEE80414:DESIGN,P,CEC801,CEC802,CEC803,ELECTIVEII,32.0,16.0,2.0,6.0,32.0,16.0,9.0,32.0,13.0,14.0,8.0,32.0,16.0,9.0,['Diploma'],['Diploma'],4.96,4.83,4.64,4.11,5.56,5.88,5.49
692:SCE,COMPUTER ENGINEERING,19013,7184979,CPE8031:MACHINE,P,CPC801,CPC802,CPC803,ELECTIVEIII,38.0,19.0,18.0,9.0,37.0,17.0,8.0,32.0,17.0,17.0,10.0,32.0,16.0,8.0,['Diploma'],['Diploma'],4.86,4.93,5.12,5.17,5.76,6.56,5.83
692:SCE,ELECTRONICS AND TELECOMMUNICATION ENGINEERING,8893,10184769,ETE802:TELECOM,P,ETC801,ETC802,ETC803,ELECTIVEII,32.0,18.0,17.0,8.0,32.0,16.0,6.0,32.0,20.0,9.0,8.0,32.0,16.0,9.0,['Diploma'],['Diploma'],4.88,4.64,5.3,5.0,5.37,6.38,5.44
692:SCE,INFORMATION TECHNOLOGY ENGINEERING,33911,12183805,ITC8046:SOFTWARE,P,ITC801,ITC802,ITC803,ELECTIVEII,32.0,11.0,12.0,9.0,32.0,15.0,7.0,32.0,14.0,2.0,6.0,26.0,0.0,8.0,['Diploma'],['Diploma'],5.04,4.82,4.73,4.28,5.74,6.35,5.48
692:SCE,MECHANICAL,4749,14183859,MEE8022:RENEWABLE,P,MEC801,MEC802,MEC803,ELECTIVEII,26.0,0.0,14.0,9.0,22.0,17.0,12.0,20.0,17.0,15.0,10.0,21.0,17.0,12.0,['Diploma'],['Diploma'],5.18,4.45,5.29,4.9,5.96,7.08,5.48
734:YTIET,CIVIL,13056,6182118,CEE80415:INDUSTRIAL,P,CEC801,CEC802,CEC803,ELECTIVEII,25.0,0.0,16.0,11.0,18.0,0.0,14.0,19.0,0.0,13.0,10.0,18.0,11.0,10.0,['Diploma'],['Diploma'],5.06,4.88,4.24,4.42,5.33,5.92,5.53
734:YTIET,ELECTRICAL ENGINEERING,761,47280762,EEE801:FLEXIBLE,P,EEC801,EEC802,EEC803,ELECTIVEII,32.0,20.0,0.0,15.0,32.0,19.0,13.0,37.0,11.0,0.0,10.0,32.0,20.0,13.0,['Diploma'],['Diploma'],5.26,4.71,4.77,5.11,5.85,6.85,5.54
734:YTIET,ELECTRONICS ENGINEERING,11841,50281819,EXC8042:MOBILE,P,EXC801,EXC802,EXC803,ELECTIVEII,32.0,20.0,21.0,11.0,34.0,21.0,17.0,32.0,21.0,22.0,12.0,32.0,17.0,15.0,['Diploma'],['Diploma'],5.62,4.71,5.46,4.0,5.93,6.46,5.36
734:YTIET,MECHANICAL,4968,14184088,MEE8022:RENEWABLE,P,MEC801,MEC802,MEC803,ELECTIVEII,32.0,21.0,19.0,13.0,32.0,21.0,14.0,32.0,19.0,18.0,13.0,32.0,19.0,10.0,['Diploma'],['Diploma'],5.12,5.07,4.15,4.57,6.52,7.2,5.93
736:XIE,COMPUTER ENGINEERING,19129,7185095,CPE8031:MACHINE,P,CPC801,CPC802,CPC803,ELECTIVEIII,36.0,13.0,17.0,9.0,36.0,15.0,12.0,32.0,13.0,15.0,10.0,32.0,14.0,8.0,['Diploma'],['Diploma'],4.75,4.57,5.71,6.21,6.28,6.33,5.93
736:XIE,ELECTRONICS AND TELECOMMUNICATION ENGINEERING,9037,10184913,ETE802:TELECOM,P,ETC801,ETC802,ETC803,ELECTIVEII,35.0,18.0,13.0,14.0,32.0,18.0,11.0,33.0,20.0,16.0,11.0,32.0,17.0,9.0,['Diploma'],['Diploma'],5.12,5.21,5.93,5.43,6.04,6.81,5.85
736:XIE,INFORMATION TECHNOLOGY ENGINEERING,33988,12183882,ITC8045:SOFT,P,ITC801,ITC802,ITC803,ELECTIVEII,32.0,20.0,17.0,10.0,27.0,0.0,15.0,21.0,16.0,15.0,12.0,20.0,16.0,11.0,['Diploma'],['Diploma'],4.43,5.11,5.58,6.16,6.37,6.62,5.89
742:GHARADA,CIVIL,13100,6182175,CEE80415:INDUSTRIAL,P,CEC801,CEC802,CEC803,ELECTIVEII,32.0,13.0,13.0,8.0,32.0,16.0,8.0,32.0,10.0,15.0,9.0,25.0,0.0,9.0,['Diploma'],['Diploma'],5.63,5.02,4.96,4.79,5.07,5.58,5.41
742:GHARADA,COMPUTER ENGINEERING,19216,7185182,CPE8035:BIG,P,CPC801,CPC802,CPC803,ELECTIVEIII,32.0,19.0,19.0,10.0,33.0,18.0,10.0,32.0,19.0,17.0,9.0,32.0,19.0,8.0,['Diploma'],['Diploma'],4.68,5.04,5.88,5.96,5.68,6.3,5.78
742:GHARADA,ELECTRONICS AND TELECOMMUNICATION ENGINEERING,9116,10184992,ETE802:TELECOM,P,ETC801,ETC802,ETC803,ELECTIVEII,39.0,22.0,22.0,8.0,33.0,16.0,9.0,32.0,23.0,20.0,13.0,32.0,19.0,9.0,['Diploma'],['Diploma'],5.54,5.07,5.63,5.46,6.04,6.73,6.18
742:GHARADA,INFORMATION TECHNOLOGY ENGINEERING,46087,51282998,ITC8046:SOFTWARE,P,ITC801,ITC802,ITC803,ELECTIVEII,38.0,23.0,23.0,15.0,41.0,22.0,13.0,32.0,23.0,24.0,18.0,33.0,21.0,11.0,['Diploma'],['Diploma'],5.71,5.64,6.46,6.24,7.7,7.23,6.5
742:GHARADA,MECHANICAL,5104,14184216,MEE8026:AUTOMOBILE,P,MEC801,MEC802,MEC803,ELECTIVEII,32.0,17.0,17.0,10.0,32.0,10.0,8.0,32.0,16.0,12.0,9.0,36.0,20.0,11.0,['Diploma'],['Diploma'],5.46,5.29,5.63,5.32,5.81,6.48,6.02
751:SSJCET,CIVIL,13185,6182254,CEE80415:INDUSTRIAL,P,CEC801,CEC802,CEC803,ELECTIVEII,32.0,14.0,16.0,8.0,35.0,14.0,8.0,33.0,15.0,13.0,8.0,32.0,18.0,8.0,['Diploma'],['Diploma'],4.78,4.77,4.96,5.0,5.78,6.0,5.46
751:SSJCET,COMPUTER ENGINEERING,19239,7185205,CPE8034:DIGITAL,P,CPC801,CPC802,CPC803,ELECTIVEIII,35.0,12.0,10.0,8.0,33.0,18.0,9.0,32.0,17.0,17.0,8.0,34.0,18.0,9.0,['Diploma'],['Diploma'],4.64,4.5,5.42,5.17,5.72,6.59,5.43
751:SSJCET,ELECTRONICS AND TELECOMMUNICATION ENGINEERING,9146,10185022,ETE802:TELECOM,P,ETC801,ETC802,ETC803,ELECTIVEII,37.0,20.0,20.0,9.0,32.0,19.0,8.0,32.0,20.0,20.0,10.0,32.0,20.0,10.0,['Diploma'],['Diploma'],4.76,4.82,5.3,4.79,5.63,6.92,5.72
751:SSJCET,MECHANICAL,5183,14184290,MEE8022:RENEWABLE,P,MEC801,MEC802,MEC803,ELECTIVEII,25.0,0.0,18.0,8.0,18.0,20.0,9.0,21.0,0.0,17.0,9.0,21.0,16.0,8.0,['Diploma'],['Diploma'],5.29,4.96,5.26,4.82,6.19,7.12,5.9
776:ARIET,CIVIL,13252,6182332,CEE80413:BUILDING,P,CEC801,CEC802,CEC803,ELECTIVEII,32.0,12.0,10.0,10.0,26.0,0.0,12.0,19.0,0.0,15.0,9.0,21.0,18.0,9.0,['Diploma'],['Diploma'],4.81,4.56,5.0,4.93,5.7,6.71,5.43
776:ARIET,COMPUTER ENGINEERING,19317,7185283,CPE8031:MACHINE,P,CPC801,CPC802,CPC803,ELECTIVEIII,32.0,18.0,18.0,12.0,34.0,19.0,8.0,32.0,18.0,17.0,8.0,32.0,17.0,10.0,['Diploma'],['Diploma'],4.9,4.57,4.42,4.75,6.12,6.89,5.36
776:ARIET,ELECTRICAL ENGINEERING,816,8181784,EEE801:FLEXIBLE,P,EEC801,EEC802,EEC803,ELECTIVEII,32.0,13.0,0.0,9.0,32.0,14.0,8.0,33.0,16.0,0.0,9.0,32.0,16.0,8.0,['Diploma'],['Diploma'],5.33,4.82,5.19,5.18,5.74,6.31,5.6
776:ARIET,ELECTRONICS AND TELECOMMUNICATION ENGINEERING,9217,10185093,ETE802:TELECOM,P,ETC801,ETC802,ETC803,ELECTIVEII,36.0,19.0,20.0,10.0,32.0,14.0,11.0,32.0,20.0,20.0,9.0,25.0,0.0,12.0,['Diploma'],['Diploma'],5.23,4.5,5.15,5.54,6.0,6.38,5.56
776:ARIET,INFORMATION TECHNOLOGY ENGINEERING,34068,12183962,ITC8046:SOFTWARE,P,ITC801,ITC802,ITC803,ELECTIVEII,32.0,18.0,17.0,10.0,32.0,16.0,8.0,32.0,16.0,17.0,9.0,32.0,15.0,9.0,['Diploma'],['Diploma'],5.07,4.75,5.0,4.72,6.0,6.23,5.65
776:ARIET,MECHANICAL,5343,14184435,MEE8026:AUTOMOBILE,P,MEC801,MEC802,MEC803,ELECTIVEII,25.0,0.0,14.0,8.0,23.0,13.0,4.0,21.0,0.0,2.0,0.0,17.0,13.0,8.0,['Diploma'],['Diploma'],4.32,4.64,4.56,4.36,4.48,5.48,5.3
779:STJCET,CIVIL,13375,6182488,CEE80415:INDUSTRIAL,P,CEC801,CEC802,CEC803,ELECTIVEII,26.0,0.0,16.0,8.0,18.0,16.0,8.0,20.0,16.0,15.0,8.0,16.0,18.0,8.0,['Diploma'],['Diploma'],5.3,4.6,5.08,5.04,5.52,6.08,5.41
779:STJCET,COMPUTER ENGINEERING,19349,7185315,CPE8031:MACHINE,P,CPC801,CPC802,CPC803,ELECTIVEIII,33.0,12.0,14.0,8.0,32.0,12.0,8.0,32.0,13.0,11.0,9.0,32.0,16.0,8.0,['Diploma'],['Diploma'],4.36,4.46,4.63,5.08,5.96,5.93,5.5
779:STJCET,ELECTRONICS AND TELECOMMUNICATION ENGINEERING,9244,10185120,ETE802:TELECOM,P,ETC801,ETC802,ETC803,ELECTIVEII,41.0,17.0,16.0,10.0,43.0,18.0,9.0,35.0,17.0,18.0,12.0,32.0,12.0,9.0,['Diploma'],['Diploma'],5.12,4.71,5.52,5.0,5.7,7.15,5.86
779:STJCET,INFORMATION TECHNOLOGY ENGINEERING,34083,12183977,ITC8045:SOFT,P,ITC801,ITC802,ITC803,ELECTIVEII,32.0,18.0,19.0,8.0,32.0,19.0,10.0,32.0,14.0,15.0,8.0,32.0,17.0,8.0,['Diploma'],['Diploma'],4.43,4.25,5.15,5.08,6.3,7.12,5.53
779:STJCET,MECHANICAL,5491,14184592,MEE8022:RENEWABLE,P,MEC801,MEC802,MEC803,ELECTIVEII,32.0,14.0,13.0,8.0,32.0,14.0,8.0,32.0,17.0,17.0,8.0,37.0,17.0,10.0,['Diploma'],['Diploma'],5.08,4.96,5.11,4.68,5.89,6.84,5.65
780:YTEM,CIVIL,13438,6182565,CEE80415:INDUSTRIAL,P,CEC801,CEC802,CEC803,ELECTIVEII,26.0,0.0,15.0,16.0,21.0,10.0,11.0,18.0,10.0,10.0,11.0,18.0,19.0,11.0,['Diploma'],['Diploma'],4.52,4.38,4.71,4.36,5.11,6.58,5.27
780:YTEM,COMPUTER ENGINEERING,19492,7185458,CPE8034:DIGITAL,P,CPC801,CPC802,CPC803,ELECTIVEIII,32.0,19.0,19.0,9.0,38.0,17.0,9.0,32.0,17.0,14.0,8.0,32.0,20.0,8.0,['Diploma'],['Diploma'],5.43,4.82,5.5,4.75,6.6,6.56,5.82
780:YTEM,MECHANICAL,5637,14184734,MEE8022:RENEWABLE,P,MEC801,MEC802,MEC803,ELECTIVEII,32.0,12.0,16.0,8.0,26.0,0.0,8.0,19.0,12.0,13.0,8.0,16.0,13.0,8.0,['Diploma'],['Diploma'],5.2,4.93,4.44,4.0,6.23,5.72,5.25
802:THEEM,AUTOMOBILE ENGINEERING,1801,39280310,AEE8022:VEHICLE,P,AEC801,AEC802,AEC803,ELECTIVEII,38.0,18.0,18.0,12.0,38.0,20.0,8.0,36.0,16.0,17.0,11.0,34.0,18.0,11.0,['Diploma'],['Diploma'],5.42,4.93,5.07,5.3,6.38,7.16,5.98
802:THEEM,CIVIL,13530,6182657,CEE80415:INDUSTRIAL,P,CEC801,CEC802,CEC803,ELECTIVEII,32.0,11.0,13.0,8.0,32.0,12.0,8.0,32.0,14.0,15.0,8.0,32.0,16.0,8.0,['Diploma'],['Diploma'],4.85,4.75,4.8,4.46,5.33,5.5,5.26
802:THEEM,COMPUTER ENGINEERING,19523,7185489,CPE8034:DIGITAL,P,CPC801,CPC802,CPC803,ELECTIVEIII,32.0,16.0,17.0,12.0,38.0,14.0,10.0,33.0,17.0,17.0,9.0,32.0,16.0,10.0,['Diploma'],['Diploma'],4.86,4.64,5.17,5.46,6.08,6.0,5.44
802:THEEM,ELECTRICAL ENGINEERING,891,8181846,EEE801:FLEXIBLE,P,EEC801,EEC802,EEC803,ELECTIVEII,32.0,14.0,0.0,8.0,26.0,16.0,8.0,32.0,19.0,0.0,9.0,32.0,16.0,9.0,['Diploma'],['Diploma'],5.11,4.57,5.0,5.11,5.19,6.31,5.68
802:THEEM,ELECTRONICS AND TELECOMMUNICATION ENGINEERING,9312,10185188,ETE802:TELECOM,P,ETC801,ETC802,ETC803,ELECTIVEII,46.0,20.0,21.0,13.0,38.0,20.0,18.0,40.0,21.0,19.0,18.0,34.0,20.0,17.0,['Diploma'],['Diploma'],5.15,5.32,4.96,5.36,6.85,7.73,6.12
802:THEEM,ELECTRONICS ENGINEERING,11872,50281850,EXC8042:MOBILE,P,EXC801,EXC802,EXC803,ELECTIVEII,32.0,19.0,22.0,15.0,33.0,20.0,17.0,42.0,19.0,19.0,14.0,45.0,20.0,14.0,['Diploma'],['Diploma'],5.27,5.21,6.21,6.11,6.85,7.46,6.3
802:THEEM,INFORMATION TECHNOLOGY ENGINEERING,34146,12184040,ITC8046:SOFTWARE,P,ITC801,ITC802,ITC803,ELECTIVEII,40.0,15.0,17.0,10.0,32.0,12.0,11.0,33.0,15.0,17.0,9.0,35.0,18.0,12.0,['Diploma'],['Diploma'],4.57,4.64,5.0,5.08,6.52,6.04,5.31
802:THEEM,MECHANICAL,5761,14184844,MEE8022:RENEWABLE,P,MEC801,MEC802,MEC803,ELECTIVEII,25.0,0.0,14.0,8.0,12.0,12.0,8.0,16.0,0.0,15.0,8.0,19.0,12.0,8.0,['Diploma'],['Diploma'],5.38,5.07,5.22,4.57,5.7,6.12,5.53
807:GVAIET,CIVIL,13588,6182737,CEE80415:INDUSTRIAL,P,CEC801,CEC802,CEC803,ELECTIVEII,25.0,0.0,13.0,11.0,20.0,0.0,9.0,22.0,16.0,14.0,8.0,21.0,15.0,9.0,['Diploma'],['Diploma'],5.07,4.04,5.28,4.71,6.44,6.17,5.54
807:GVAIET,COMPUTER ENGINEERING,19565,7185531,CPE8034:DIGITAL,P,CPC801,CPC802,CPC803,ELECTIVEIII,32.0,14.0,15.0,8.0,44.0,17.0,10.0,39.0,18.0,18.0,8.0,33.0,17.0,9.0,['Diploma'],['Diploma'],4.75,4.64,4.92,5.04,6.52,7.11,5.72
807:GVAIET,MECHANICAL,5917,14184991,MEE8026:AUTOMOBILE,P,MEC801,MEC802,MEC803,ELECTIVEII,26.0,0.0,16.0,9.0,20.0,16.0,10.0,19.0,13.0,13.0,8.0,16.0,15.0,10.0,['Diploma'],['Diploma'],5.46,4.86,5.78,5.11,5.89,6.84,5.94
822:PILLAIS,AUTOMOBILE ENGINEERING,1835,39280344,AEE8022:VEHICLE,P,AEC801,AEC802,AEC803,ELECTIVEII,32.0,18.0,19.0,10.0,33.0,18.0,9.0,32.0,17.0,15.0,8.0,34.0,20.0,8.0,['Diploma'],['Diploma'],5.92,4.89,5.41,4.85,6.0,7.0,5.85
822:PILLAIS,CIVIL,13655,6182814,CEE80414:DESIGN,P,CEC801,CEC802,CEC803,ELECTIVEII,26.0,0.0,12.0,8.0,18.0,14.0,11.0,17.0,13.0,14.0,8.0,17.0,15.0,8.0,['Diploma'],['Diploma'],5.0,5.08,4.92,4.68,5.67,6.38,5.6
822:PILLAIS,COMPUTER ENGINEERING,19600,7185566,CPE8031:MACHINE,P,CPC801,CPC802,CPC803,ELECTIVEIII,32.0,11.0,12.0,8.0,32.0,12.0,8.0,32.0,12.0,14.0,8.0,27.0,0.0,8.0,['Diploma'],['Diploma'],4.68,4.5,4.58,4.38,5.64,5.85,5.3
822:PILLAIS,ELECTRICAL ENGINEERING,951,8181923,EEE801:FLEXIBLE,P,EEC801,EEC802,EEC803,ELECTIVEII,32.0,19.0,0.0,13.0,32.0,18.0,10.0,33.0,17.0,0.0,8.0,32.0,18.0,8.0,['Diploma'],['Diploma'],5.19,4.82,5.62,5.39,5.7,6.42,5.82
822:PILLAIS,ELECTRONICS AND TELECOMMUNICATION ENGINEERING,9358,10185234,ETE802:TELECOM,P,ETC801,ETC802,ETC803,ELECTIVEII,32.0,15.0,15.0,9.0,34.0,13.0,8.0,32.0,12.0,10.0,8.0,32.0,13.0,8.0,['Diploma'],['Diploma'],5.12,4.86,5.19,4.89,4.78,6.35,5.27
822:PILLAIS,ELECTRONICS ENGINEERING,11889,11182772,EXC8042:MOBILE,P,EXC801,EXC802,EXC803,ELECTIVEII,32.0,20.0,17.0,8.0,36.0,11.0,8.0,32.0,10.0,16.0,8.0,32.0,10.0,8.0,['Diploma'],['Diploma'],4.88,5.07,4.93,4.81,4.52,5.88,5.34
822:PILLAIS,INFORMATION TECHNOLOGY ENGINEERING,34175,12184069,ITC8046:SOFTWARE,P,ITC801,ITC802,ITC803,ELECTIVEII,32.0,16.0,16.0,8.0,32.0,16.0,8.0,28.0,0.0,16.0,8.0,13.0,17.0,8.0,['Diploma'],['Diploma'],4.93,4.54,4.92,4.8,5.48,6.27,5.52
822:PILLAIS,MECHANICAL,6061,14185131,MEE8022:RENEWABLE,P,MEC801,MEC802,MEC803,ELECTIVEII,26.0,0.0,12.0,8.0,20.0,11.0,8.0,22.0,16.0,15.0,8.0,22.0,13.0,8.0,['Diploma'],['Diploma'],5.5,5.14,5.11,4.89,5.78,6.16,5.56
823:VIVATECH,CIVIL,13813,6182963,CEE80415:INDUSTRIAL,P,CEC801,CEC802,CEC803,ELECTIVEII,25.0,0.0,13.0,8.0,19.0,16.0,11.0,21.0,13.0,12.0,8.0,22.0,17.0,9.0,['Diploma'],['Diploma'],4.63,5.02,5.2,5.0,5.52,6.04,5.8
823:VIVATECH,COMPUTER ENGINEERING,19760,7185726,CPE8031:MACHINE,P,CPC801,CPC802,CPC803,ELECTIVEIII,32.0,12.0,14.0,8.0,33.0,14.0,11.0,32.0,15.0,13.0,8.0,32.0,12.0,8.0,['Diploma'],['Diploma'],5.36,5.11,6.04,5.67,5.72,5.96,5.99
823:VIVATECH,ELECTRICAL ENGINEERING,1016,8182000,EEE801:FLEXIBLE,P,EEC801,EEC802,EEC803,ELECTIVEII,33.0,12.0,0.0,9.0,32.0,10.0,8.0,33.0,10.0,0.0,8.0,32.0,11.0,8.0,['Diploma'],['Diploma'],5.11,5.43,5.62,5.46,5.81,6.27,5.97
823:VIVATECH,ELECTRONICS AND TELECOMMUNICATION ENGINEERING,9416,10185292,ETE802:TELECOM,P,ETC801,ETC802,ETC803,ELECTIVEII,33.0,15.0,16.0,10.0,32.0,15.0,10.0,32.0,14.0,14.0,9.0,33.0,15.0,9.0,['Diploma'],['Diploma'],4.92,4.86,5.33,4.54,5.3,6.46,5.61
823:VIVATECH,MECHANICAL,6281,14185343,MEE8022:RENEWABLE,P,MEC801,MEC802,MEC803,ELECTIVEII,26.0,0.0,14.0,11.0,16.0,19.0,11.0,20.0,15.0,17.0,8.0,14.0,16.0,11.0,['Diploma'],['Diploma'],5.54,5.64,5.3,5.46,5.93,6.68,6.06
824:SESKARJAT,COMPUTER ENGINEERING,19834,7185800,CPE8034:DIGITAL,P,CPC801,CPC802,CPC803,ELECTIVEIII,33.0,18.0,17.0,8.0,49.0,19.0,9.0,52.0,21.0,21.0,11.0,47.0,20.0,8.0,['Diploma'],['Diploma'],5.21,5.29,5.71,4.29,6.64,7.33,5.75
824:SESKARJAT,ELECTRICAL ENGINEERING,1098,8182074,EEE801:FLEXIBLE,P,EEC801,EEC802,EEC803,ELECTIVEII,32.0,18.0,0.0,14.0,26.0,0.0,14.0,18.0,18.0,0.0,9.0,21.0,18.0,13.0,['Diploma'],['Diploma'],5.44,4.75,5.35,5.68,6.0,7.15,5.88
824:SESKARJAT,ELECTRONICS AND TELECOMMUNICATION ENGINEERING,9503,10185379,ETE802:TELECOM,P,ETC801,ETC802,ETC803,ELECTIVEII,47.0,22.0,22.0,14.0,45.0,18.0,14.0,45.0,20.0,20.0,13.0,40.0,22.0,13.0,['Diploma'],['Diploma'],5.04,4.57,5.37,4.5,6.52,7.92,5.8
824:SESKARJAT,MECHANICAL,6437,14185488,MEE8022:RENEWABLE,P,MEC801,MEC802,MEC803,ELECTIVEII,32.0,15.0,15.0,13.0,25.0,0.0,13.0,16.0,17.0,17.0,10.0,17.0,20.0,9.0,['Diploma'],['Diploma'],5.5,4.71,5.22,4.79,5.56,6.8,5.56
857:DILKAP,CIVIL,13964,6183087,CEE80417:ADVANCED,P,CEC801,CEC802,CEC803,ELECTIVEII,32.0,17.0,15.0,8.0,28.0,0.0,10.0,11.0,13.0,10.0,8.0,18.0,10.0,8.0,['Diploma'],['Diploma'],5.04,4.75,4.8,4.75,5.3,6.21,5.32
857:DILKAP,COMPUTER ENGINEERING,19844,7185810,CPE8031:MACHINE,P,CPC801,CPC802,CPC803,ELECTIVEIII,32.0,14.0,18.0,10.0,35.0,17.0,8.0,32.0,13.0,16.0,8.0,32.0,14.0,8.0,['Diploma'],['Diploma'],4.43,4.5,4.75,4.75,5.48,5.41,5.34
857:DILKAP,ELECTRICAL ENGINEERING,1180,8182089,EEE801:FLEXIBLE,P,EEC801,EEC802,EEC803,ELECTIVEII,32.0,15.0,0.0,8.0,32.0,16.0,9.0,32.0,15.0,0.0,9.0,32.0,14.0,8.0,['Diploma'],['Diploma'],5.04,5.14,5.42,5.14,5.56,6.69,5.79
857:DILKAP,ELECTRONICS AND TELECOMMUNICATION ENGINEERING,9523,10185399,ETE802:TELECOM,P,ETC801,ETC802,ETC803,ELECTIVEII,43.0,21.0,14.0,8.0,32.0,18.0,8.0,38.0,20.0,20.0,10.0,35.0,16.0,8.0,['Diploma'],['Diploma'],5.31,4.89,5.15,4.82,5.59,6.92,5.61
857:DILKAP,MECHANICAL,6551,14185538,MEE8022:RENEWABLE,P,MEC801,MEC802,MEC803,ELECTIVEII,26.0,0.0,12.0,8.0,21.0,14.0,9.0,23.0,14.0,16.0,8.0,21.0,18.0,11.0,['Diploma'],['Diploma'],5.21,4.82,5.19,4.61,6.04,6.64,5.86
889:LAINSTT,COMPUTER ENGINEERING,19904,7185870,CPE8035:BIG,P,CPC801,CPC802,CPC803,ELECTIVEIII,32.0,14.0,13.0,8.0,36.0,17.0,11.0,32.0,18.0,18.0,8.0,32.0,17.0,10.0,['Diploma'],['Diploma'],4.71,4.89,5.04,5.0,6.0,6.19,5.45
889:LAINSTT,ELECTRONICS ENGINEERING,11924,50281902,EXC8042:MOBILE,P,EXC801,EXC802,EXC803,ELECTIVEII,32.0,15.0,15.0,8.0,42.0,20.0,10.0,32.0,16.0,17.0,8.0,41.0,20.0,8.0,['Diploma'],['Diploma'],4.96,5.57,5.0,4.66,5.81,6.46,5.41
889:LAINSTT,MECHANICAL,6741,14185708,MEE8026:AUTOMOBILE,P,MEC801,MEC802,MEC803,ELECTIVEII,32.0,15.0,16.0,8.0,32.0,16.0,9.0,32.0,16.0,15.0,8.0,32.0,15.0,9.0,['Diploma'],['Diploma'],4.96,4.71,4.56,4.71,5.81,6.44,5.57
890:LRTIWARI,CIVIL,14072,6183221,CEE80415:INDUSTRIAL,P,CEC801,CEC802,CEC803,ELECTIVEII,26.0,0.0,10.0,8.0,13.0,12.0,8.0,18.0,11.0,10.0,8.0,12.0,12.0,8.0,['Diploma'],['Diploma'],5.04,4.48,4.84,4.68,5.37,5.88,5.25
890:LRTIWARI,COMPUTER ENGINEERING,19929,7185895,CPE8035:BIG,P,CPC801,CPC802,CPC803,ELECTIVEIII,38.0,18.0,16.0,9.0,36.0,19.0,12.0,33.0,19.0,20.0,12.0,33.0,17.0,9.0,['Diploma'],['Diploma'],5.54,5.21,6.25,6.5,6.92,7.04,6.49
890:LRTIWARI,ELECTRONICS AND TELECOMMUNICATION ENGINEERING,9561,10185437,ETE802:TELECOM,P,ETC801,ETC802,ETC803,ELECTIVEII,32.0,14.0,18.0,8.0,32.0,16.0,9.0,26.0,0.0,15.0,8.0,17.0,12.0,8.0,['Diploma'],['Diploma'],4.81,4.54,4.67,4.5,5.67,6.42,5.44
890:LRTIWARI,ELECTRONICS ENGINEERING,11948,11182788,EXC8042:MOBILE,P,EXC801,EXC802,EXC803,ELECTIVEII,32.0,18.0,14.0,8.0,36.0,15.0,8.0,33.0,18.0,15.0,9.0,32.0,15.0,8.0,['Diploma'],['Diploma'],4.65,4.39,4.93,5.11,5.48,5.96,5.12
890:LRTIWARI,INFORMATION TECHNOLOGY ENGINEERING,34227,12184121,ITC8041:ENTERPRISE,P,ITC801,ITC802,ITC803,ELECTIVEII,34.0,14.0,13.0,8.0,32.0,17.0,8.0,32.0,15.0,14.0,8.0,32.0,14.0,9.0,['Diploma'],['Diploma'],4.54,4.76,4.5,4.37,5.33,6.12,5.11
890:LRTIWARI,MECHANICAL,6888,14185835,MEE8022:RENEWABLE,P,MEC801,MEC802,MEC803,ELECTIVEII,27.0,0.0,16.0,8.0,21.0,15.0,8.0,17.0,10.0,10.0,8.0,19.0,15.0,8.0,['Diploma'],['Diploma'],5.12,4.89,4.48,4.61,5.67,5.76,5.12
944:AIISET,CIVIL,14142,6183294,CEE80415:INDUSTRIAL,P,CEC801,CEC802,CEC803,ELECTIVEII,32.0,11.0,12.0,9.0,32.0,13.0,9.0,32.0,13.0,13.0,8.0,31.0,1.0,8.0,['Diploma'],['Diploma'],5.0,5.04,5.24,4.75,6.3,6.75,5.84
944:AIISET,COMPUTER ENGINEERING,20013,7185979,CPE8031:MACHINE,P,CPC801,CPC802,CPC803,ELECTIVEIII,34.0,13.0,18.0,8.0,32.0,13.0,10.0,32.0,14.0,15.0,8.0,32.0,15.0,8.0,['Diploma'],['Diploma'],4.64,4.89,5.33,5.38,5.84,6.74,5.65
944:AIISET,ELECTRICAL ENGINEERING,1252,8182143,EEE801:FLEXIBLE,P,EEC801,EEC802,EEC803,ELECTIVEII,32.0,17.0,0.0,8.0,32.0,18.0,11.0,33.0,17.0,0.0,11.0,25.0,0.0,9.0,['Diploma'],['Diploma'],4.3,5.32,5.82,5.36,5.78,6.65,5.92
944:AIISET,ELECTRONICS AND TELECOMMUNICATION ENGINEERING,9695,10185571,ETE802:TELECOM,P,ETC801,ETC802,ETC803,ELECTIVEII,32.0,18.0,15.0,9.0,32.0,17.0,13.0,27.0,0.0,17.0,10.0,20.0,0.0,8.0,['Diploma'],['Diploma'],4.69,4.68,4.89,4.86,5.41,6.35,5.4
944:AIISET,MECHANICAL,7013,14185970,MEE8026:AUTOMOBILE,P,MEC801,MEC802,MEC803,ELECTIVEII,27.0,0.0,16.0,8.0,14.0,15.0,9.0,19.0,16.0,15.0,9.0,15.0,15.0,8.0,['Diploma'],['Diploma'],5.42,5.29,4.93,5.07,5.48,6.32,5.72
945:VOGCOE,CIVIL,14290,6183428,CEE80415:INDUSTRIAL,P,CEC801,CEC802,CEC803,ELECTIVEII,26.0,0.0,15.0,8.0,17.0,16.0,8.0,17.0,16.0,16.0,9.0,20.0,16.0,9.0,['Diploma'],['Diploma'],4.56,4.38,5.04,4.89,5.0,5.79,5.25
945:VOGCOE,COMPUTER ENGINEERING,20082,7186048,CPE8035:BIG,P,CPC801,CPC802,CPC803,ELECTIVEIII,34.0,14.0,15.0,8.0,37.0,15.0,8.0,32.0,10.0,14.0,8.0,32.0,17.0,8.0,['Diploma'],['Diploma'],4.89,4.93,4.46,4.8,4.96,6.37,5.29
945:VOGCOE,ELECTRONICS AND TELECOMMUNICATION ENGINEERING,9821,10185697,ETE802:TELECOM,P,ETC801,ETC802,ETC803,ELECTIVEII,40.0,21.0,22.0,14.0,38.0,21.0,12.0,26.0,0.0,22.0,17.0,22.0,21.0,13.0,['Diploma'],['Diploma'],5.62,5.43,6.59,5.71,6.89,7.54,6.4
945:VOGCOE,INFORMATION TECHNOLOGY ENGINEERING,34306,12184200,ITC8046:SOFTWARE,P,ITC801,ITC802,ITC803,ELECTIVEII,33.0,17.0,18.0,8.0,32.0,16.0,8.0,34.0,20.0,20.0,8.0,37.0,16.0,8.0,['Diploma'],['Diploma'],5.07,5.39,5.96,5.12,5.78,5.85,5.53
945:VOGCOE,MECHANICAL,7161,14186124,MEE8022:RENEWABLE,P,MEC801,MEC802,MEC803,ELECTIVEII,32.0,14.0,14.0,8.0,32.0,12.0,8.0,32.0,15.0,16.0,8.0,33.0,11.0,12.0,['Diploma'],['Diploma'],5.17,5.04,4.93,4.75,5.7,6.64,5.55
946:GMVIT,CIVIL,14346,6183489,CEE80415:INDUSTRIAL,P,CEC801,CEC802,CEC803,ELECTIVEII,32.0,15.0,15.0,8.0,32.0,14.0,8.0,32.0,16.0,16.0,8.0,34.0,13.0,8.0,['Diploma'],['Diploma'],5.11,5.04,5.08,4.57,5.37,6.04,5.52
946:GMVIT,COMPUTER ENGINEERING,20097,7186063,CPE8035:BIG,P,CPC801,CPC802,CPC803,ELECTIVEIII,33.0,20.0,17.0,10.0,33.0,19.0,12.0,32.0,18.0,19.0,12.0,32.0,15.0,9.0,['Diploma'],['Diploma'],4.89,5.04,5.58,5.21,6.0,7.15,5.72
946:GMVIT,ELECTRONICS AND TELECOMMUNICATION ENGINEERING,9840,10185716,ETE802:TELECOM,P,ETC801,ETC802,ETC803,ELECTIVEII,40.0,20.0,19.0,10.0,38.0,22.0,16.0,32.0,20.0,18.0,12.0,37.0,23.0,19.0,['Diploma'],['Diploma'],5.81,4.89,6.26,5.61,6.19,7.15,6.18
946:GMVIT,MECHANICAL,7233,14186190,MEE8022:RENEWABLE,P,MEC801,MEC802,MEC803,ELECTIVEII,27.0,0.0,16.0,8.0,18.0,0.0,8.0,21.0,17.0,11.0,8.0,21.0,11.0,8.0,['Diploma'],['Diploma'],5.0,4.62,4.82,4.32,5.78,5.96,5.29
948:BRHCET,AUTOMOBILE ENGINEERING,1895,39280404,AEE8022:VEHICLE,P,AEC801,AEC802,AEC803,ELECTIVEII,35.0,16.0,17.0,8.0,32.0,18.0,13.0,34.0,17.0,17.0,12.0,35.0,16.0,10.0,['Diploma'],['Diploma'],5.38,5.32,4.0,4.41,6.23,6.48,5.72
948:BRHCET,CIVIL,14400,6183547,CEE80415:INDUSTRIAL,P,CEC801,CEC802,CEC803,ELECTIVEII,32.0,12.0,12.0,8.0,32.0,14.0,9.0,32.0,10.0,10.0,8.0,32.0,14.0,8.0,['Diploma'],['Diploma'],4.74,4.65,4.28,4.0,5.48,5.83,5.36
948:BRHCET,COMPUTER ENGINEERING,20121,7186087,CPE8031:MACHINE,P,CPC801,CPC802,CPC803,ELECTIVEIII,35.0,16.0,19.0,9.0,32.0,19.0,9.0,32.0,15.0,15.0,9.0,32.0,18.0,8.0,['Diploma'],['Diploma'],4.5,4.46,4.0,4.46,6.08,6.48,5.19
948:BRHCET,ELECTRICAL ENGINEERING,1325,8182219,EEE801:FLEXIBLE,P,EEC801,EEC802,EEC803,ELECTIVEII,32.0,13.0,0.0,10.0,32.0,12.0,10.0,32.0,10.0,0.0,10.0,32.0,14.0,8.0,['Diploma'],['Diploma'],4.81,5.0,4.69,4.68,5.48,6.04,5.58
948:BRHCET,ELECTRONICS AND TELECOMMUNICATION ENGINEERING,9848,10185724,ETE802:TELECOM,P,ETC801,ETC802,ETC803,ELECTIVEII,43.0,20.0,19.0,13.0,41.0,20.0,12.0,32.0,14.0,17.0,15.0,41.0,20.0,12.0,['Diploma'],['Diploma'],5.15,4.43,5.19,4.96,6.48,7.58,5.63
948:BRHCET,MECHANICAL,7312,14186264,MEE8022:RENEWABLE,P,MEC801,MEC802,MEC803,ELECTIVEII,32.0,15.0,14.0,8.0,32.0,11.0,0.0,28.0,0.0,14.0,8.0,14.0,14.0,8.0,['Diploma'],['Diploma'],5.19,4.93,4.0,4.0,6.11,5.6,5.2
949:MITM,CIVIL,14492,6183654,CEE80415:INDUSTRIAL,P,CEC801,CEC802,CEC803,ELECTIVEII,32.0,15.0,11.0,8.0,32.0,10.0,8.0,32.0,12.0,10.0,8.0,32.0,14.0,9.0,['Diploma'],['Diploma'],4.74,4.54,4.64,4.54,5.85,6.13,5.27
949:MITM,COMPUTER ENGINEERING,20139,7186105,CPE8033:ADHOC,P,CPC801,CPC802,CPC803,ELECTIVEIII,41.0,21.0,21.0,14.0,55.0,18.0,8.0,40.0,20.0,18.0,10.0,45.0,16.0,8.0,['Diploma'],['Diploma'],5.43,4.89,5.58,6.17,6.52,7.33,6.14
949:MITM,ELECTRONICS AND TELECOMMUNICATION ENGINEERING,9876,10185750,ETE802:TELECOM,P,ETC801,ETC802,ETC803,ELECTIVEII,39.0,18.0,18.0,8.0,39.0,17.0,8.0,32.0,17.0,17.0,14.0,36.0,17.0,10.0,['Diploma'],['Diploma'],5.54,5.07,5.41,5.54,6.0,6.92,5.84
949:MITM,MECHANICAL,7449,14186378,MEE8022:RENEWABLE,P,MEC801,MEC802,MEC803,ELECTIVEII,25.0,0.0,13.0,4.0,19.0,8.0,8.0,1.0,13.0,15.0,8.0,16.0,0.0,9.0,['Diploma'],['Diploma'],5.42,4.82,4.96,5.46,5.7,5.32,5.61
978:PARSHURAM,CIVIL,14584,6183720,CEE80415:INDUSTRIAL,P,CEC801,CEC802,CEC803,ELECTIVEII,32.0,10.0,11.0,8.0,32.0,15.0,10.0,32.0,13.0,12.0,8.0,33.0,12.0,8.0,['Diploma'],['Diploma'],4.96,5.15,5.24,4.82,5.78,5.83,5.5
978:PARSHURAM,COMPUTER ENGINEERING,20151,7186117,CPE8035:BIG,P,CPC801,CPC802,CPC803,ELECTIVEIII,41.0,20.0,19.0,14.0,45.0,20.0,14.0,32.0,20.0,17.0,13.0,38.0,11.0,8.0,['Diploma'],['Diploma'],4.82,5.79,6.29,6.04,7.04,6.7,6.11
978:PARSHURAM,ELECTRICAL ENGINEERING,1384,8182282,EEE801:FLEXIBLE,P,EEC801,EEC802,EEC803,ELECTIVEII,32.0,16.0,0.0,11.0,32.0,15.0,8.0,32.0,15.0,0.0,8.0,32.0,16.0,8.0,['Diploma'],['Diploma'],5.33,5.21,4.88,4.71,5.81,6.19,5.5
978:PARSHURAM,INSTRUMENTATION ENGINEERING,58646,52280621,ISE8042:POWER,P,ISC801,ISC802,ISC803,ELECTIVEII,32.0,22.0,20.0,13.0,40.0,21.0,15.0,42.0,19.0,19.0,17.0,39.0,22.0,16.0,['Diploma'],['Diploma'],5.89,6.67,6.93,7.11,7.71,7.69,7.14
978:PARSHURAM,MECHANICAL,7547,14186475,MEE80210:WORLD,P,MEC801,MEC802,MEC803,ELECTIVEII,26.0,0.0,1.0,7.0,20.0,12.0,8.0,19.0,15.0,6.0,0.0,17.0,14.0,2.0,['Diploma'],['Diploma'],5.29,5.5,5.19,4.86,5.44,5.48,5.7
982:VIDYAVIKAS,CIVIL,14639,6183769,CEE80410:ADVANCED,P,CEC801,CEC802,CEC803,ELECTIVEII,25.0,0.0,2.0,6.0,23.0,11.0,8.0,20.0,15.0,1.0,6.0,20.0,12.0,1.0,['Diploma'],['Diploma'],4.96,4.69,4.68,4.82,5.41,5.79,5.53
982:VIDYAVIKAS,COMPUTER ENGINEERING,20165,7186131,CPE8031:MACHINE,P,CPC801,CPC802,CPC803,ELECTIVEIII,25.0,0.0,15.0,8.0,23.0,11.0,8.0,21.0,0.0,14.0,8.0,20.0,0.0,8.0,['Diploma'],['Diploma'],4.57,4.54,4.62,4.75,5.6,6.07,5.43
982:VIDYAVIKAS,ELECTRONICS AND TELECOMMUNICATION ENGINEERING,9891,10185765,ETE802:TELECOM,P,ETC801,ETC802,ETC803,ELECTIVEII,32.0,21.0,21.0,13.0,32.0,19.0,10.0,37.0,16.0,20.0,14.0,32.0,21.0,12.0,['Diploma'],['Diploma'],5.08,4.82,5.56,5.36,6.04,7.38,5.86
982:VIDYAVIKAS,ELECTRONICS ENGINEERING,12005,11182852,EXC8042:MOBILE,P,EXC801,EXC802,EXC803,ELECTIVEII,33.0,17.0,18.0,10.0,37.0,16.0,9.0,32.0,20.0,19.0,12.0,33.0,17.0,9.0,['Diploma'],['Diploma'],4.58,4.57,4.07,4.63,5.81,6.33,5.4
982:VIDYAVIKAS,INFORMATION TECHNOLOGY ENGINEERING,34312,12184206,ITC8046:SOFTWARE,P,ITC801,ITC802,ITC803,ELECTIVEII,32.0,17.0,15.0,9.0,28.0,0.0,8.0,21.0,14.0,10.0,9.0,22.0,13.0,8.0,['Diploma'],['Diploma'],4.57,4.46,4.92,4.32,5.07,5.08,5.11
990:VISHWANIKE,CIVIL,14774,6183910,CEE80415:INDUSTRIAL,P,CEC801,CEC802,CEC803,ELECTIVEII,32.0,15.0,16.0,8.0,32.0,13.0,8.0,26.0,0.0,14.0,8.0,20.0,16.0,9.0,['Diploma'],['Diploma'],4.7,4.38,4.64,4.29,5.41,6.04,5.16
990:VISHWANIKE,COMPUTER ENGINEERING,20302,7186268,CPE8031:MACHINE,P,CPC801,CPC802,CPC803,ELECTIVEIII,33.0,18.0,20.0,9.0,34.0,16.0,8.0,32.0,14.0,18.0,10.0,33.0,17.0,8.0,['Diploma'],['Diploma'],4.75,4.46,5.13,5.54,6.44,6.78,5.62
990:VISHWANIKE,ELECTRICAL ENGINEERING,1419,8182322,EEE801:FLEXIBLE,P,EEC801,EEC802,EEC803,ELECTIVEII,32.0,12.0,0.0,8.0,25.0,0.0,10.0,14.0,10.0,0.0,9.0,17.0,7.0,8.0,['Diploma'],['Diploma'],4.89,5.0,4.73,4.96,5.37,6.46,5.41
990:VISHWANIKE,ELECTRONICS AND TELECOMMUNICATION ENGINEERING,9932,10185806,ETE802:TELECOM,P,ETC801,ETC802,ETC803,ELECTIVEII,35.0,19.0,16.0,10.0,32.0,18.0,13.0,32.0,19.0,18.0,8.0,34.0,19.0,10.0,['Diploma'],['Diploma'],4.81,4.57,5.19,4.68,5.85,6.77,5.51
990:VISHWANIKE,MECHANICAL,7627,14186553,MEE8022:RENEWABLE,P,MEC801,MEC802,MEC803,ELECTIVEII,32.0,13.0,16.0,8.0,32.0,13.0,10.0,32.0,11.0,14.0,8.0,32.0,15.0,9.0,['Diploma'],['Diploma'],5.38,4.79,4.78,4.61,5.63,6.68,5.53
991:IDAL INST,CIVIL,14874,6184037,CEE80415:INDUSTRIAL,P,CEC801,CEC802,CEC803,ELECTIVEII,32.0,11.0,10.0,8.0,32.0,15.0,8.0,26.0,0.0,15.0,8.0,20.0,14.0,8.0,['Diploma'],['Diploma'],4.0,4.79,4.0,4.0,5.48,6.0,4.95
991:IDAL INST,COMPUTER ENGINEERING,20378,7186344,CPE8034:DIGITAL,P,CPC801,CPC802,CPC803,ELECTIVEIII,37.0,13.0,15.0,8.0,41.0,15.0,8.0,40.0,14.0,15.0,9.0,36.0,12.0,9.0,['Diploma'],['Diploma'],5.5,4.57,5.44,5.75,4.48,6.07,5.36
991:IDAL INST,ELECTRICAL ENGINEERING,1462,8182396,EEE801:FLEXIBLE,P,EEC801,EEC802,EEC803,ELECTIVEII,32.0,16.0,0.0,12.0,32.0,17.0,8.0,32.0,19.0,0.0,9.0,32.0,16.0,8.0,['Diploma'],['Diploma'],5.0,4.93,4.77,4.43,5.37,5.85,5.2
991:IDAL INST,ELECTRONICS AND TELECOMMUNICATION ENGINEERING,9985,10185859,ETE802:TELECOM,P,ETC801,ETC802,ETC803,ELECTIVEII,53.0,22.0,23.0,19.0,47.0,23.0,19.0,39.0,23.0,23.0,19.0,55.0,24.0,20.0,['Diploma'],['Diploma'],7.23,6.43,6.85,5.86,7.48,8.46,7.05
991:IDAL INST,MECHANICAL,7771,14186689,MEE8026:AUTOMOBILE,P,MEC801,MEC802,MEC803,ELECTIVEII,25.0,0.0,15.0,8.0,18.0,15.0,8.0,16.0,0.0,15.0,8.0,16.0,13.0,8.0,['Diploma'],['Diploma'],5.17,4.75,4.26,4.0,5.22,6.36,5.31
995:NEW HORIZO,CIVIL,14926,6184106,CEE80415:INDUSTRIAL,P,CEC801,CEC802,CEC803,ELECTIVEII,32.0,13.0,10.0,8.0,33.0,12.0,11.0,32.0,14.0,15.0,8.0,33.0,17.0,8.0,['Diploma'],['Diploma'],4.52,4.85,4.44,4.69,5.89,5.88,5.31
995:NEW HORIZO,COMPUTER ENGINEERING,20389,7186355,CPE8031:MACHINE,P,CPC801,CPC802,CPC803,ELECTIVEIII,36.0,10.0,17.0,8.0,36.0,10.0,11.0,32.0,10.0,15.0,11.0,32.0,10.0,10.0,['Diploma'],['Diploma'],4.89,5.29,5.04,5.92,6.08,5.93,5.89
995:NEW HORIZO,ELECTRONICS AND ELECTRICAL ENGINEERING,1917,9181003,ELE802:POWER,P,ELC801,ELC802,ELC803,ELECTIVEII,42.0,20.0,20.0,12.0,37.0,20.0,13.0,33.0,20.0,21.0,14.0,32.0,20.0,11.0,['Diploma'],['Diploma'],5.96,5.72,6.21,6.04,6.59,7.08,6.3
995:NEW HORIZO,MECHANICAL,7825,14186753,MEE8026:AUTOMOBILE,P,MEC801,MEC802,MEC803,ELECTIVEII,35.0,17.0,18.0,15.0,25.0,0.0,8.0,21.0,19.0,19.0,13.0,22.0,17.0,13.0,['Diploma'],['Diploma'],6.33,5.64,5.59,6.11,6.33,6.88,6.24
996:A P SHAH,CIVIL,14970,6184174,CEE80410:ADVANCED,P,CEC801,CEC802,CEC803,ELECTIVEII,32.0,14.0,12.0,8.0,32.0,13.0,8.0,32.0,15.0,15.0,10.0,34.0,14.0,10.0,['Diploma'],['Diploma'],4.85,5.12,5.0,4.64,6.0,6.54,5.61
996:A P SHAH,COMPUTER ENGINEERING,20467,7186433,CPE8034:DIGITAL,P,CPC801,CPC802,CPC803,ELECTIVEIII,32.0,15.0,15.0,9.0,32.0,15.0,8.0,32.0,15.0,12.0,8.0,32.0,12.0,8.0,['Diploma'],['Diploma'],4.57,4.68,4.79,4.96,5.64,6.41,5.56
996:A P SHAH,ELECTRONICS AND TELECOMMUNICATION ENGINEERING,9987,10185861,ETE802:TELECOM,P,ETC801,ETC802,ETC803,ELECTIVEII,35.0,16.0,14.0,8.0,32.0,15.0,9.0,36.0,15.0,16.0,8.0,26.0,0.0,8.0,['Diploma'],['Diploma'],4.92,4.61,4.96,4.93,5.33,6.31,5.61
996:A P SHAH,INFORMATION TECHNOLOGY ENGINEERING,34403,12184297,ITC8045:SOFT,P,ITC801,ITC802,ITC803,ELECTIVEII,32.0,13.0,15.0,8.0,32.0,13.0,8.0,32.0,13.0,15.0,8.0,32.0,13.0,8.0,['Diploma'],['Diploma'],4.5,4.36,4.81,5.12,4.96,5.54,5.16
996:A P SHAH,MECHANICAL,7837,14186767,MEE8022:RENEWABLE,P,MEC801,MEC802,MEC803,ELECTIVEII,35.0,18.0,14.0,9.0,32.0,18.0,10.0,32.0,17.0,17.0,8.0,32.0,17.0,12.0,['Diploma'],['Diploma'],5.71,4.96,5.52,6.0,5.85,7.2,6.1
