college_code,department,seat_no,elective,result,c1,c2,c3,c4,c1_th,c1_tw,c1_or,c1_in,c2_th,c2_tw,c2_in,c3_th,c3_tw,c3_or,c3_in,c4_th,c4_tw,c4_in,sem_1,sem_2,sem_3,sem_4,sem_5,sem_6,sem_7,sem_8,cgpi
10:MHSSCE,AUTOMOBILE ENGINEERING,39280070,AEE8022:VEHICLE,P,AEC801,AEC802,AEC803,ELECTIVEII,65.0,20.0,21.0,15.0,58.0,24.0,13.0,60.0,22.0,19.0,18.0,60.0,20.0,12.0,['Diploma'],['Diploma'],7.29,6.79,6.52,6.3,7.88,8.44,6.99
10:MHSSCE,CIVIL,43280073,CEE8045:BRIDGE,P,CEC801,CEC802,CEC803,ELECTIVEII,60.0,23.0,24.0,18.0,65.0,24.0,20.0,67.0,24.0,24.0,19.0,74.0,24.0,20.0,['Diploma'],['Diploma'],9.59,9.77,9.6,9.61,10.0,9.67,9.48
10:MHSSCE,COMPUTER ENGINEERING,45280061,CPE8035:BIG,P,CPC801,CPC802,CPC803,ELECTIVEIII,70.0,24.0,23.0,20.0,65.0,21.0,20.0,62.0,24.0,24.0,20.0,67.0,24.0,20.0,['Diploma'],['Diploma'],8.46,9.71,9.92,10.0,9.68,9.7,9.56
10:MHSSCE,ELECTRONICS AND TELECOMMUNICATION ENGINEERING,10181070,ETE802:TELECOM,P,ETC801,ETC802,ETC803,ELECTIVEII,66.0,22.0,22.0,19.0,63.0,22.0,17.0,62.0,23.0,21.0,16.0,54.0,23.0,16.0,['Diploma'],['Diploma'],8.23,7.29,9.63,9.29,8.67,8.81,8.41
10:MHSSCE,ELECTRONICS ENGINEERING,50280052,EXC8042:MOBILE,P,EXC801,EXC802,EXC803,ELECTIVEII,58.0,23.0,23.0,18.0,65.0,24.0,17.0,67.0,24.0,23.0,18.0,62.0,23.0,19.0,['Diploma'],['Diploma'],6.58,7.82,8.57,8.96,8.33,8.5,7.69
10:MHSSCE,INFORMATION TECHNOLOGY ENGINEERING,51280065,ITC8046:SOFTWARE,P,ITC801,ITC802,ITC803,ELECTIVEII,68.0,24.0,24.0,20.0,63.0,24.0,19.0,63.0,24.0,24.0,20.0,61.0,24.0,20.0,['Diploma'],['Diploma'],9.11,9.86,9.38,9.68,9.41,9.38,9.36
10:MHSSCE,MECHANICAL,53280069,MEE8026:AUTOMOBILE,P,MEC801,MEC802,MEC803,ELECTIVEII,72.0,24.0,24.0,18.0,61.0,24.0,20.0,68.0,24.0,24.0,20.0,72.0,23.0,20.0,['Diploma'],['Diploma'],9.92,9.82,9.78,9.54,9.7,9.4,9.31
116:CSM INST,CIVIL,43280089,CEE80415:INDUSTRIAL,P,CEC801,CEC802,CEC803,ELECTIVEII,57.0,24.0,24.0,18.0,61.0,39.0,17.0,64.0,39.0,24.0,17.0,62.0,42.0,18.0,['Diploma'],['Diploma'],7.33,7.23,8.13,8.21,8.81,8.67,7.92
116:CSM INST,COMPUTER ENGINEERING,7187001,CPE8031:MACHINE,P,CPC801,CPC802,CPC803,ELECTIVEIII,63.0,24.0,24.0,15.0,57.0,23.0,18.0,41.0,24.0,24.0,15.0,52.0,23.0,11.0,['Diploma'],['Diploma'],5.82,5.79,6.33,7.77,7.6,7.93,6.75
116:CSM INST,MECHANICAL,53280304,MEE8024:BUSINESS,P,MEC801,MEC802,MEC803,ELECTIVEII,68.0,24.0,23.0,16.0,64.0,42.0,19.0,65.0,45.0,24.0,19.0,64.0,34.0,20.0,['Diploma'],['Diploma'],7.96,7.46,7.44,7.57,8.19,9.0,7.59
124:MGMCET,CIVIL,43280236,CEE80415:INDUSTRIAL,P,CEC801,CEC802,CEC803,ELECTIVEII,67.0,23.0,23.0,20.0,75.0,23.0,18.0,70.0,24.0,23.0,17.0,71.0,23.0,17.0,['Diploma'],['Diploma'],8.85,9.65,9.4,9.14,9.19,9.13,9.09
124:MGMCET,COMPUTER ENGINEERING,45280355,CPE8031:MACHINE,P,CPC801,CPC802,CPC803,ELECTIVEIII,71.0,23.0,23.0,19.0,68.0,23.0,19.0,64.0,23.0,22.0,19.0,61.0,22.0,17.0,['Diploma'],['Diploma'],7.36,7.0,8.38,8.67,9.12,9.56,7.93
124:MGMCET,ELECTRONICS AND TELECOMMUNICATION ENGINEERING,10181396,ETE802:TELECOM,P,ETC801,ETC802,ETC803,ELECTIVEII,66.0,21.0,23.0,19.0,66.0,22.0,17.0,60.0,32.0,21.0,19.0,65.0,43.0,19.0,['Diploma'],['Diploma'],6.88,7.61,8.33,7.39,8.48,8.85,7.77
124:MGMCET,INFORMATION TECHNOLOGY ENGINEERING,51280302,ITC8046:SOFTWARE,P,ITC801,ITC802,ITC803,ELECTIVEII,68.0,23.0,22.0,17.0,66.0,23.0,17.0,57.0,22.0,23.0,15.0,64.0,22.0,16.0,['Diploma'],['Diploma'],6.82,7.82,8.12,8.4,8.48,8.08,7.86
124:MGMCET,MECHANICAL,53280490,MEE8026:AUTOMOBILE,P,MEC801,MEC802,MEC803,ELECTIVEII,69.0,24.0,24.0,19.0,68.0,55.0,18.0,71.0,45.0,23.0,19.0,67.0,50.0,19.0,['Diploma'],['Diploma'],8.92,8.82,8.63,8.82,8.93,9.52,8.79
126:SAKEC,COMPUTER ENGINEERING,45280571,CPE8035:BIG,P,CPC801,CPC802,CPC803,ELECTIVEIII,70.0,22.0,22.0,19.0,68.0,24.0,20.0,66.0,24.0,22.0,20.0,66.0,24.0,20.0,['Diploma'],['Diploma'],8.71,9.64,9.04,9.92,8.88,9.56,9.05
126:SAKEC,ELECTRONICS AND TELECOMMUNICATION ENGINEERING,10181475,ETE802:TELECOM,P,ETC801,ETC802,ETC803,ELECTIVEII,64.0,23.0,22.0,16.0,60.0,24.0,20.0,64.0,23.0,22.0,17.0,57.0,22.0,16.0,['Diploma'],['Diploma'],8.77,9.14,9.81,8.61,7.52,8.42,8.45
126:SAKEC,ELECTRONICS ENGINEERING,50280250,EXC8042:MOBILE,P,EXC801,EXC802,EXC803,ELECTIVEII,59.0,24.0,24.0,18.0,65.0,24.0,20.0,64.0,32.0,24.0,19.0,64.0,40.0,20.0,['Diploma'],['Diploma'],9.12,9.21,8.71,9.26,7.89,8.83,8.64
126:SAKEC,INFORMATION TECHNOLOGY ENGINEERING,51280457,ITC8046:SOFTWARE,P,ITC801,ITC802,ITC803,ELECTIVEII,69.0,24.0,24.0,20.0,70.0,24.0,19.0,62.0,24.0,24.0,20.0,64.0,24.0,20.0,['Diploma'],['Diploma'],8.71,9.18,9.62,8.88,9.33,9.19,8.64
174:RAIT,COMPUTER ENGINEERING,45280791,CPE8035:BIG,P,CPC801,CPC802,CPC803,ELECTIVEIII,67.0,24.0,23.0,20.0,69.0,24.0,19.0,64.0,23.0,22.0,19.0,68.0,24.0,17.0,['Diploma'],['Diploma'],9.25,9.11,9.75,9.5,9.04,9.7,9.01
174:RAIT,ELECTRONICS AND TELECOMMUNICATION ENGINEERING,10181788,ETE802:TELECOM,P,ETC801,ETC802,ETC803,ELECTIVEII,70.0,23.0,23.0,18.0,71.0,23.0,20.0,68.0,23.0,24.0,18.0,63.0,24.0,18.0,['Diploma'],['Diploma'],9.04,9.25,9.41,9.21,8.56,9.23,8.64
174:RAIT,ELECTRONICS ENGINEERING,50280553,EXC8044:BIOMEDICAL,P,EXC801,EXC802,EXC803,ELECTIVEII,72.0,24.0,23.0,20.0,77.0,23.0,19.0,72.0,24.0,24.0,19.0,71.0,38.0,20.0,['Diploma'],['Diploma'],9.0,9.61,9.5,10.0,9.26,9.83,9.22
174:RAIT,INFORMATION TECHNOLOGY ENGINEERING,51280611,ITC8046:SOFTWARE,P,ITC801,ITC802,ITC803,ELECTIVEII,68.0,24.0,24.0,20.0,67.0,24.0,20.0,67.0,23.0,23.0,20.0,64.0,24.0,19.0,['Diploma'],['Diploma'],9.75,9.71,10.0,10.0,9.26,9.5,9.52
17:BVCE,COMPUTER ENGINEERING,45280139,CPE8035:BIG,P,CPC801,CPC802,CPC803,ELECTIVEIII,71.0,24.0,23.0,20.0,68.0,23.0,20.0,65.0,23.0,23.0,19.0,72.0,23.0,18.0,['Diploma'],['Diploma'],7.96,8.32,9.0,8.83,8.88,9.33,8.41
17:BVCE,ELECTRONICS AND TELECOMMUNICATION ENGINEERING,10181228,ETE802:TELECOM,P,ETC801,ETC802,ETC803,ELECTIVEII,66.0,22.0,22.0,18.0,61.0,24.0,18.0,63.0,23.0,23.0,17.0,65.0,32.0,18.0,['Diploma'],['Diploma'],8.23,8.93,8.74,8.0,8.26,8.81,7.81
17:BVCE,INFORMATION TECHNOLOGY ENGINEERING,51280146,ITC8046:SOFTWARE,P,ITC801,ITC802,ITC803,ELECTIVEII,68.0,24.0,23.0,19.0,61.0,22.0,16.0,55.0,23.0,23.0,19.0,63.0,23.0,17.0,['Diploma'],['Diploma'],7.82,8.71,8.96,8.24,8.22,9.23,8.2
17:BVCE,MECHANICAL,53280215,MEE8026:AUTOMOBILE,P,MEC801,MEC802,MEC803,ELECTIVEII,77.0,24.0,23.0,19.0,65.0,25.0,20.0,74.0,25.0,23.0,20.0,65.0,23.0,20.0,['Diploma'],['Diploma'],9.83,9.93,9.7,9.75,9.41,10.0,9.63
237:TEC,COMPUTER ENGINEERING,45280970,CPE8035:BIG,P,CPC801,CPC802,CPC803,ELECTIVEIII,70.0,24.0,24.0,20.0,67.0,25.0,20.0,65.0,24.0,23.0,20.0,67.0,24.0,20.0,['Diploma'],['Diploma'],8.39,9.29,9.33,9.17,9.52,9.56,8.94
237:TEC,ELECTRONICS AND TELECOMMUNICATION ENGINEERING,10181898,ETE802:TELECOM,P,ETC801,ETC802,ETC803,ELECTIVEII,70.0,24.0,23.0,20.0,65.0,23.0,16.0,63.0,24.0,23.0,19.0,61.0,24.0,19.0,['Diploma'],['Diploma'],8.58,8.46,9.0,9.25,8.44,9.15,8.54
237:TEC,ELECTRONICS ENGINEERING,50280631,EXC8042:MOBILE,P,EXC801,EXC802,EXC803,ELECTIVEII,58.0,20.0,20.0,14.0,62.0,24.0,14.0,64.0,22.0,22.0,15.0,63.0,24.0,11.0,['Diploma'],['Diploma'],9.19,7.79,7.43,7.85,7.48,8.13,7.74
237:TEC,INFORMATION TECHNOLOGY ENGINEERING,51280699,ITC8046:SOFTWARE,P,ITC801,ITC802,ITC803,ELECTIVEII,68.0,24.0,24.0,20.0,61.0,24.0,16.0,62.0,24.0,23.0,19.0,64.0,23.0,18.0,['Diploma'],['Diploma'],8.5,8.43,8.88,8.52,8.78,8.88,8.45
237:TEC,MECHANICAL,53280553,MEE8022:RENEWABLE,P,MEC801,MEC802,MEC803,ELECTIVEII,67.0,23.0,22.0,19.0,59.0,24.0,20.0,71.0,23.0,23.0,20.0,73.0,24.0,19.0,['Diploma'],['Diploma'],9.75,10.0,9.78,9.68,9.59,9.68,9.45
238:TSEC,COMPUTER ENGINEERING,45281115,CPE8035:BIG,P,CPC801,CPC802,CPC803,ELECTIVEIII,69.0,24.0,23.0,20.0,68.0,24.0,17.0,69.0,23.0,23.0,19.0,69.0,23.0,19.0,['Diploma'],['Diploma'],9.71,10.0,9.67,9.77,9.08,9.41,9.49
238:TSEC,ELECTRONICS AND TELECOMMUNICATION ENGINEERING,10181970,ETE802:TELECOM,P,ETC801,ETC802,ETC803,ELECTIVEII,69.0,25.0,24.0,20.0,65.0,23.0,19.0,63.0,25.0,24.0,20.0,63.0,24.0,20.0,['Diploma'],['Diploma'],9.69,10.0,9.93,9.86,9.41,10.0,9.71
238:TSEC,INFORMATION TECHNOLOGY ENGINEERING,51280859,ITC8046:SOFTWARE,P,ITC801,ITC802,ITC803,ELECTIVEII,68.0,24.0,24.0,20.0,67.0,24.0,19.0,69.0,24.0,24.0,20.0,71.0,24.0,20.0,['Diploma'],['Diploma'],9.07,9.61,9.54,9.52,8.96,9.15,9.14
356:PVPPCE,COMPUTER ENGINEERING,45281259,CPE8034:DIGITAL,P,CPC801,CPC802,CPC803,ELECTIVEIII,62.0,24.0,23.0,18.0,68.0,24.0,20.0,60.0,24.0,24.0,20.0,70.0,24.0,17.0,['Diploma'],['Diploma'],7.5,8.5,8.63,9.0,9.6,9.22,8.63
356:PVPPCE,ELECTRONICS AND TELECOMMUNICATION ENGINEERING,10182025,ETE802:TELECOM,P,ETC801,ETC802,ETC803,ELECTIVEII,63.0,22.0,22.0,15.0,58.0,22.0,11.0,60.0,24.0,24.0,18.0,58.0,23.0,16.0,['Diploma'],['Diploma'],5.81,5.32,6.33,6.25,7.11,8.77,6.25
356:PVPPCE,ELECTRONICS ENGINEERING,50280695,EXC8042:MOBILE,P,EXC801,EXC802,EXC803,ELECTIVEII,53.0,23.0,22.0,17.0,59.0,21.0,16.0,60.0,22.0,20.0,15.0,65.0,48.0,16.0,['Diploma'],['Diploma'],5.81,6.29,6.71,8.7,8.37,8.46,7.31
356:PVPPCE,INFORMATION TECHNOLOGY ENGINEERING,51280985,ITC8046:SOFTWARE,P,ITC801,ITC802,ITC803,ELECTIVEII,66.0,23.0,22.0,17.0,59.0,23.0,16.0,62.0,24.0,23.0,20.0,62.0,23.0,20.0,['Diploma'],['Diploma'],7.43,8.18,8.58,8.28,8.85,8.77,8.12
366:VESIT,COMPUTER ENGINEERING,45281482,CPE8035:BIG,P,CPC801,CPC802,CPC803,ELECTIVEIII,71.0,25.0,24.0,19.0,70.0,24.0,20.0,66.0,24.0,24.0,19.0,74.0,24.0,20.0,['Diploma'],['Diploma'],9.89,10.0,10.0,10.0,9.64,9.7,9.47
366:VESIT,ELECTRONICS AND TELECOMMUNICATION ENGINEERING,10182253,ETE802:TELECOM,P,ETC801,ETC802,ETC803,ELECTIVEII,71.0,24.0,24.0,20.0,65.0,24.0,19.0,68.0,24.0,24.0,20.0,66.0,24.0,20.0,['Diploma'],['Diploma'],9.54,10.0,10.0,10.0,9.11,9.54,9.47
366:VESIT,ELECTRONICS ENGINEERING,50280855,EXC8042:MOBILE,P,EXC801,EXC802,EXC803,ELECTIVEII,76.0,24.0,23.0,19.0,68.0,25.0,20.0,66.0,24.0,24.0,19.0,72.0,23.0,20.0,['Diploma'],['Diploma'],9.69,10.0,9.93,10.0,9.56,9.75,9.44
366:VESIT,INFORMATION TECHNOLOGY ENGINEERING,51281059,ITC8046:SOFTWARE,P,ITC801,ITC802,ITC803,ELECTIVEII,68.0,23.0,23.0,19.0,67.0,22.0,19.0,56.0,22.0,22.0,20.0,64.0,23.0,19.0,['Diploma'],['Diploma'],9.32,10.0,9.77,9.96,9.44,9.23,9.47
368:WIECT,COMPUTER ENGINEERING,45281555,CPE8035:BIG,P,CPC801,CPC802,CPC803,ELECTIVEIII,64.0,22.0,23.0,20.0,65.0,25.0,19.0,68.0,22.0,23.0,15.0,55.0,22.0,17.0,['Diploma'],['Diploma'],7.07,7.93,9.08,8.96,8.72,9.15,8.33
368:WIECT,ELECTRONICS AND TELECOMMUNICATION ENGINEERING,10182328,ETE802:TELECOM,P,ETC801,ETC802,ETC803,ELECTIVEII,68.0,22.0,22.0,12.0,65.0,21.0,14.0,68.0,43.0,21.0,16.0,57.0,35.0,15.0,['Diploma'],['Diploma'],6.92,7.93,7.93,8.14,8.0,8.62,7.72
385:ACPCE,COMPUTER ENGINEERING,45281607,CPE8031:MACHINE,P,CPC801,CPC802,CPC803,ELECTIVEIII,64.0,22.0,22.0,18.0,63.0,23.0,16.0,57.0,23.0,22.0,18.0,70.0,24.0,15.0,['Diploma'],['Diploma'],7.46,8.18,7.42,8.17,8.48,8.63,7.81
385:ACPCE,ELECTRONICS AND TELECOMMUNICATION ENGINEERING,10182436,ETE802:TELECOM,P,ETC801,ETC802,ETC803,ELECTIVEII,61.0,23.0,24.0,19.0,63.0,24.0,19.0,67.0,24.0,24.0,20.0,58.0,24.0,20.0,['Diploma'],['Diploma'],8.19,8.14,9.56,8.43,9.11,9.19,8.7
385:ACPCE,ELECTRONICS ENGINEERING,50280910,EXC8042:MOBILE,P,EXC801,EXC802,EXC803,ELECTIVEII,63.0,23.0,23.0,19.0,56.0,22.0,17.0,57.0,22.0,21.0,17.0,61.0,22.0,14.0,['Diploma'],['Diploma'],7.88,8.71,9.0,8.0,7.52,7.96,8.06
385:ACPCE,INFORMATION TECHNOLOGY ENGINEERING,51281133,ITC8046:SOFTWARE,P,ITC801,ITC802,ITC803,ELECTIVEII,68.0,23.0,23.0,17.0,63.0,23.0,20.0,59.0,36.0,23.0,17.0,66.0,40.0,19.0,['Diploma'],['Diploma'],6.61,7.04,7.81,8.72,8.44,9.08,7.84
385:ACPCE,MECHANICAL,53280630,MEE8026:AUTOMOBILE,P,MEC801,MEC802,MEC803,ELECTIVEII,67.0,23.0,24.0,17.0,66.0,40.0,20.0,69.0,57.0,23.0,18.0,59.0,52.0,19.0,['Diploma'],['Diploma'],8.83,9.18,8.93,8.75,8.85,9.12,8.59
390:RSCE,COMPUTER ENGINEERING,45281625,CPE8035:BIG,P,CPC801,CPC802,CPC803,ELECTIVEIII,65.0,24.0,24.0,20.0,68.0,24.0,20.0,62.0,24.0,24.0,20.0,65.0,24.0,20.0,['Diploma'],['Diploma'],6.25,7.1,7.83,8.83,8.72,9.85,7.9
390:RSCE,MECHANICAL,53280712,MEE8026:AUTOMOBILE,P,MEC801,MEC802,MEC803,ELECTIVEII,61.0,23.0,22.0,18.0,62.0,23.0,17.0,63.0,23.0,19.0,18.0,69.0,44.0,18.0,['Diploma'],['Diploma'],8.04,7.61,8.07,7.71,8.0,8.76,7.86
403:SIGCE,COMPUTER ENGINEERING,45281680,CPE8034:DIGITAL,P,CPC801,CPC802,CPC803,ELECTIVEIII,60.0,23.0,23.0,15.0,63.0,24.0,18.0,56.0,23.0,24.0,19.0,68.0,24.0,19.0,['Diploma'],['Diploma'],7.57,7.96,8.17,8.67,9.04,8.67,8.0
403:SIGCE,ELECTRONICS AND TELECOMMUNICATION ENGINEERING,10182503,ETE802:TELECOM,P,ETC801,ETC802,ETC803,ELECTIVEII,71.0,24.0,23.0,18.0,67.0,21.0,19.0,62.0,22.0,22.0,20.0,53.0,43.0,19.0,['Diploma'],['Diploma'],6.69,6.46,7.04,7.11,8.37,9.08,6.92
421:DJSCE,COMPUTER ENGINEERING,45281822,CPE8035:BIG,P,CPC801,CPC802,CPC803,ELECTIVEIII,68.0,24.0,24.0,20.0,74.0,24.0,20.0,66.0,24.0,23.0,20.0,74.0,24.0,20.0,['Diploma'],['Diploma'],9.71,10.0,10.0,10.0,9.64,9.56,9.69
421:DJSCE,ELECTRONICS AND TELECOMMUNICATION ENGINEERING,10182652,ETE802:TELECOM,P,ETC801,ETC802,ETC803,ELECTIVEII,69.0,24.0,23.0,18.0,66.0,23.0,20.0,67.0,24.0,22.0,19.0,66.0,24.0,19.0,['Diploma'],['Diploma'],10.0,9.86,9.96,9.71,8.52,10.0,9.21
421:DJSCE,ELECTRONICS ENGINEERING,50280984,EXC8044:BIOMEDICAL,P,EXC801,EXC802,EXC803,ELECTIVEII,78.0,25.0,23.0,16.0,68.0,24.0,20.0,59.0,24.0,24.0,20.0,70.0,25.0,20.0,['Diploma'],['Diploma'],10.0,10.0,9.86,9.85,8.37,9.33,9.44
421:DJSCE,INFORMATION TECHNOLOGY ENGINEERING,51281188,ITC8045:SOFT,P,ITC801,ITC802,ITC803,ELECTIVEII,65.0,23.0,23.0,19.0,61.0,24.0,19.0,70.0,23.0,24.0,20.0,65.0,24.0,20.0,['Diploma'],['Diploma'],9.21,10.0,10.0,10.0,8.93,9.54,9.47
421:DJSCE,MECHANICAL,53280852,MEE8026:AUTOMOBILE,P,MEC801,MEC802,MEC803,ELECTIVEII,68.0,24.0,24.0,19.0,67.0,24.0,20.0,71.0,24.0,24.0,20.0,68.0,24.0,20.0,['Diploma'],['Diploma'],10.0,10.0,10.0,9.71,9.41,9.32,9.65
426:FCRIT,COMPUTER ENGINEERING,45281903,CPE8035:BIG,P,CPC801,CPC802,CPC803,ELECTIVEIII,66.0,21.0,22.0,19.0,69.0,23.0,18.0,59.0,23.0,23.0,15.0,55.0,21.0,18.0,['Diploma'],['Diploma'],8.93,9.07,9.83,9.17,9.28,8.96,9.14
426:FCRIT,ELECTRONICS AND TELECOMMUNICATION ENGINEERING,10182717,ETE802:TELECOM,P,ETC801,ETC802,ETC803,ELECTIVEII,72.0,24.0,22.0,18.0,68.0,24.0,20.0,71.0,22.0,23.0,19.0,62.0,24.0,20.0,['Diploma'],['Diploma'],9.19,9.82,9.37,9.5,8.78,9.77,9.01
426:FCRIT,INFORMATION TECHNOLOGY ENGINEERING,51281280,ITC8045:SOFT,P,ITC801,ITC802,ITC803,ELECTIVEII,66.0,24.0,24.0,20.0,64.0,24.0,17.0,72.0,23.0,23.0,17.0,63.0,23.0,16.0,['Diploma'],['Diploma'],8.79,9.32,9.31,9.68,8.85,9.38,9.01
426:FCRIT,MECHANICAL,53280928,MEE8026:AUTOMOBILE,P,MEC801,MEC802,MEC803,ELECTIVEII,62.0,22.0,21.0,19.0,67.0,24.0,20.0,74.0,23.0,24.0,20.0,66.0,24.0,20.0,['Diploma'],['Diploma'],8.67,9.36,9.26,9.5,9.41,9.64,9.09
428:DMCE,CIVIL,43280461,CEE8049:PAVEMENT,P,CEC801,CEC802,CEC803,ELECTIVEII,66.0,24.0,23.0,20.0,67.0,47.0,20.0,76.0,53.0,23.0,20.0,76.0,53.0,20.0,['Diploma'],['Diploma'],9.96,9.81,9.84,9.64,9.81,9.96,9.59
428:DMCE,COMPUTER ENGINEERING,45282050,CPE8035:BIG,P,CPC801,CPC802,CPC803,ELECTIVEIII,69.0,24.0,24.0,19.0,67.0,24.0,20.0,69.0,25.0,23.0,20.0,64.0,24.0,20.0,['Diploma'],['Diploma'],8.07,9.86,9.33,9.67,8.88,9.85,9.23
428:DMCE,ELECTRONICS ENGINEERING,50281099,EXC8042:MOBILE,P,EXC801,EXC802,EXC803,ELECTIVEII,71.0,24.0,24.0,20.0,68.0,25.0,20.0,61.0,24.0,22.0,18.0,66.0,24.0,20.0,['Diploma'],['Diploma'],7.69,8.57,9.0,9.11,8.52,9.5,8.59
428:DMCE,INFORMATION TECHNOLOGY ENGINEERING,51281403,ITC8046:SOFTWARE,P,ITC801,ITC802,ITC803,ELECTIVEII,69.0,23.0,22.0,18.0,72.0,24.0,20.0,62.0,44.0,24.0,20.0,70.0,33.0,17.0,['Diploma'],['Diploma'],7.75,7.93,8.46,8.56,9.11,9.15,8.41
428:DMCE,MECHANICAL,53281068,MEE8029:ENTERPRISE,P,MEC801,MEC802,MEC803,ELECTIVEII,66.0,24.0,24.0,20.0,69.0,25.0,20.0,73.0,54.0,24.0,20.0,70.0,58.0,20.0,['Diploma'],['Diploma'],9.67,9.86,9.7,9.29,9.56,9.68,9.33
438:KGSCE,COMPUTER ENGINEERING,45282117,CPE8034:DIGITAL,P,CPC801,CPC802,CPC803,ELECTIVEIII,67.0,24.0,23.0,20.0,69.0,24.0,18.0,59.0,24.0,23.0,16.0,64.0,24.0,20.0,['Diploma'],['Diploma'],6.75,7.54,7.88,8.25,8.88,9.26,7.79
438:KGSCE,ELECTRONICS AND TELECOMMUNICATION ENGINEERING,10182770,ETE802:TELECOM,P,ETC801,ETC802,ETC803,ELECTIVEII,67.0,21.0,20.0,15.0,59.0,22.0,15.0,64.0,21.0,22.0,14.0,53.0,21.0,12.0,['Diploma'],['Diploma'],7.0,6.43,7.26,6.82,8.63,8.69,7.23
438:KGSCE,INFORMATION TECHNOLOGY ENGINEERING,51281474,ITC8046:SOFTWARE,P,ITC801,ITC802,ITC803,ELECTIVEII,70.0,22.0,23.0,19.0,63.0,23.0,19.0,58.0,23.0,22.0,16.0,61.0,22.0,20.0,['Diploma'],['Diploma'],6.82,7.89,7.96,8.56,8.78,8.92,8.05
438:KGSCE,MECHANICAL,53281226,MEE8026:AUTOMOBILE,P,MEC801,MEC802,MEC803,ELECTIVEII,67.0,24.0,22.0,18.0,61.0,32.0,18.0,74.0,48.0,23.0,20.0,70.0,35.0,19.0,['Diploma'],['Diploma'],8.42,9.14,8.22,8.46,8.81,8.88,8.43
442:LTCE,COMPUTER ENGINEERING,45282258,CPE8035:BIG,P,CPC801,CPC802,CPC803,ELECTIVEIII,63.0,23.0,23.0,19.0,68.0,23.0,19.0,64.0,24.0,24.0,20.0,63.0,24.0,19.0,['Diploma'],['Diploma'],7.18,8.14,9.08,8.67,8.88,9.22,8.46
442:LTCE,ELECTRONICS AND TELECOMMUNICATION ENGINEERING,10182893,ETE802:TELECOM,P,ETC801,ETC802,ETC803,ELECTIVEII,69.0,24.0,24.0,20.0,66.0,24.0,20.0,68.0,24.0,24.0,20.0,61.0,43.0,19.0,['Diploma'],['Diploma'],8.73,8.86,9.0,8.29,8.81,9.85,8.92
442:LTCE,ELECTRONICS ENGINEERING,50281145,EXC8042:MOBILE,P,EXC801,EXC802,EXC803,ELECTIVEII,59.0,24.0,24.0,16.0,67.0,22.0,15.0,56.0,24.0,20.0,17.0,66.0,22.0,21.0,['Diploma'],['Diploma'],9.31,7.86,7.79,7.33,6.67,7.63,7.77
442:LTCE,MECHANICAL,53281541,MEE8026:AUTOMOBILE,P,MEC801,MEC802,MEC803,ELECTIVEII,74.0,25.0,25.0,20.0,71.0,46.0,20.0,74.0,38.0,25.0,20.0,70.0,60.0,20.0,['Diploma'],['Diploma'],9.42,9.29,10.0,9.86,9.78,9.84,9.62
443:FAMT,ELECTRONICS AND TELECOMMUNICATION ENGINEERING,10182980,ETE802:TELECOM,P,ETC801,ETC802,ETC803,ELECTIVEII,70.0,23.0,23.0,20.0,66.0,23.0,20.0,64.0,23.0,23.0,18.0,59.0,22.0,19.0,['Diploma'],['Diploma'],9.08,9.82,10.0,9.64,8.96,9.54,9.47
443:FAMT,ELECTRONICS ENGINEERING,50281205,EXC8042:MOBILE,P,EXC801,EXC802,EXC803,ELECTIVEII,72.0,23.0,23.0,20.0,66.0,23.0,20.0,65.0,22.0,21.0,20.0,67.0,24.0,18.0,['Diploma'],['Diploma'],9.77,9.39,9.86,9.85,9.11,9.0,9.47
443:FAMT,INFORMATION TECHNOLOGY ENGINEERING,51281529,ITC8046:SOFTWARE,P,ITC801,ITC802,ITC803,ELECTIVEII,71.0,24.0,23.0,20.0,68.0,24.0,20.0,67.0,32.0,24.0,20.0,68.0,44.0,20.0,['Diploma'],['Diploma'],9.86,10.0,10.0,9.84,9.41,10.0,9.67
443:FAMT,MECHANICAL,53281694,MEE8026:AUTOMOBILE,P,MEC801,MEC802,MEC803,ELECTIVEII,58.0,24.0,24.0,19.0,65.0,23.0,20.0,73.0,23.0,24.0,20.0,68.0,24.0,20.0,['Diploma'],['Diploma'],9.83,9.89,9.48,9.86,9.41,9.36,9.64
461:SSJCE,COMPUTER ENGINEERING,45282377,CPE8035:BIG,P,CPC801,CPC802,CPC803,ELECTIVEIII,69.0,24.0,23.0,19.0,75.0,24.0,20.0,67.0,24.0,23.0,20.0,68.0,23.0,19.0,['Diploma'],['Diploma'],7.36,8.29,9.33,8.62,9.36,9.85,8.53
461:SSJCE,ELECTRONICS AND TELECOMMUNICATION ENGINEERING,10183052,ETE802:TELECOM,P,ETC801,ETC802,ETC803,ELECTIVEII,67.0,23.0,22.0,18.0,68.0,21.0,15.0,66.0,23.0,22.0,17.0,64.0,23.0,19.0,['Diploma'],['Diploma'],7.23,7.46,8.67,8.14,8.22,8.96,7.81
461:SSJCE,INFORMATION TECHNOLOGY ENGINEERING,51281582,ITC8046:SOFTWARE,P,ITC801,ITC802,ITC803,ELECTIVEII,67.0,24.0,24.0,17.0,65.0,24.0,15.0,52.0,23.0,24.0,16.0,62.0,24.0,18.0,['Diploma'],['Diploma'],6.93,7.96,8.22,7.92,8.48,8.46,7.64
461:SSJCE,MECHANICAL,53281760,MEE8024:BUSINESS,P,MEC801,MEC802,MEC803,ELECTIVEII,66.0,22.0,23.0,19.0,62.0,24.0,17.0,68.0,24.0,24.0,19.0,70.0,24.0,20.0,['Diploma'],['Diploma'],8.45,8.68,8.67,8.39,9.3,9.44,8.78
466:VCET,CIVIL,43280524,CEE8047:APPRAISAL,P,CEC801,CEC802,CEC803,ELECTIVEII,61.0,23.0,24.0,20.0,68.0,23.0,20.0,72.0,23.0,23.0,19.0,70.0,23.0,20.0,['Diploma'],['Diploma'],8.67,9.81,9.84,9.89,9.85,9.83,9.52
466:VCET,COMPUTER ENGINEERING,45282435,CPE8034:DIGITAL,P,CPC801,CPC802,CPC803,ELECTIVEIII,61.0,23.0,22.0,20.0,68.0,23.0,18.0,66.0,24.0,23.0,20.0,71.0,23.0,20.0,['Diploma'],['Diploma'],7.93,9.04,10.0,9.33,9.28,9.56,8.93
466:VCET,ELECTRONICS AND TELECOMMUNICATION ENGINEERING,10183129,ETE802:TELECOM,P,ETC801,ETC802,ETC803,ELECTIVEII,67.0,20.0,21.0,12.0,65.0,19.0,15.0,64.0,20.0,20.0,13.0,57.0,19.0,13.0,['Diploma'],['Diploma'],7.92,8.79,8.85,8.32,8.04,8.5,8.17
466:VCET,INFORMATION TECHNOLOGY ENGINEERING,51281668,ITC8046:SOFTWARE,P,ITC801,ITC802,ITC803,ELECTIVEII,65.0,24.0,23.0,16.0,61.0,23.0,14.0,58.0,23.0,24.0,19.0,64.0,23.0,19.0,['Diploma'],['Diploma'],7.71,8.0,8.46,8.32,8.22,8.92,7.98
466:VCET,MECHANICAL,53281903,MEE8026:AUTOMOBILE,P,MEC801,MEC802,MEC803,ELECTIVEII,68.0,24.0,23.0,20.0,66.0,24.0,20.0,73.0,24.0,24.0,20.0,72.0,24.0,19.0,['Diploma'],['Diploma'],8.83,9.46,9.22,9.64,9.41,9.4,9.23
522:RIZVI,CIVIL,43280698,CEE80415:INDUSTRIAL,P,CEC801,CEC802,CEC803,ELECTIVEII,62.0,24.0,24.0,20.0,65.0,52.0,20.0,68.0,34.0,23.0,20.0,63.0,41.0,20.0,['Diploma'],['Diploma'],9.0,8.96,9.0,9.18,9.11,9.33,8.56
522:RIZVI,COMPUTER ENGINEERING,45282512,CPE8034:DIGITAL,P,CPC801,CPC802,CPC803,ELECTIVEIII,64.0,24.0,23.0,19.0,62.0,24.0,20.0,68.0,24.0,24.0,19.0,57.0,33.0,20.0,['Diploma'],['Diploma'],8.0,8.5,9.7,9.79,9.16,9.22,9.0
522:RIZVI,ELECTRONICS AND TELECOMMUNICATION ENGINEERING,10183200,ETE802:TELECOM,P,ETC801,ETC802,ETC803,ELECTIVEII,66.0,24.0,21.0,17.0,67.0,23.0,20.0,58.0,24.0,24.0,18.0,53.0,23.0,18.0,['Diploma'],['Diploma'],7.31,8.36,9.37,8.71,8.37,8.73,8.41
522:RIZVI,ELECTRONICS ENGINEERING,11182198,EXC8042:MOBILE,P,EXC801,EXC802,EXC803,ELECTIVEII,71.0,24.0,24.0,20.0,63.0,24.0,19.0,61.0,33.0,24.0,19.0,70.0,30.0,19.0,['Diploma'],['Diploma'],7.31,7.18,7.79,8.41,8.67,10.0,7.74
522:RIZVI,MECHANICAL,53281954,MEE8022:RENEWABLE,P,MEC801,MEC802,MEC803,ELECTIVEII,62.0,24.0,24.0,18.0,62.0,24.0,20.0,66.0,24.0,24.0,20.0,66.0,24.0,20.0,['Diploma'],['Diploma'],9.63,9.32,9.63,9.21,9.26,9.4,9.25
523:RMCET,AUTOMOBILE ENGINEERING,39280143,AEE8022:VEHICLE,P,AEC801,AEC802,AEC803,ELECTIVEII,65.0,21.0,20.0,18.0,58.0,23.0,17.0,56.0,23.0,21.0,19.0,58.0,22.0,18.0,['Diploma'],['Diploma'],7.83,6.89,7.74,7.67,7.92,8.8,7.41
523:RMCET,COMPUTER ENGINEERING,45282574,CPE8035:BIG,P,CPC801,CPC802,CPC803,ELECTIVEIII,64.0,24.0,22.0,19.0,63.0,43.0,20.0,60.0,40.0,23.0,18.0,63.0,38.0,19.0,['Diploma'],['Diploma'],8.14,9.14,8.83,9.58,8.88,9.26,8.92
523:RMCET,ELECTRONICS AND TELECOMMUNICATION ENGINEERING,10183260,ETE802:TELECOM,P,ETC801,ETC802,ETC803,ELECTIVEII,62.0,22.0,23.0,16.0,70.0,23.0,14.0,54.0,21.0,22.0,13.0,54.0,22.0,15.0,['Diploma'],['Diploma'],8.31,8.25,9.11,7.79,8.07,8.15,8.28
523:RMCET,MECHANICAL,53282047,MEE8026:AUTOMOBILE,P,MEC801,MEC802,MEC803,ELECTIVEII,62.0,23.0,23.0,18.0,61.0,24.0,20.0,71.0,24.0,23.0,20.0,69.0,24.0,20.0,['Diploma'],['Diploma'],8.83,9.86,9.7,9.04,8.22,9.08,9.05
524:MCTCE,COMPUTER ENGINEERING,45282712,CPE8035:BIG,P,CPC801,CPC802,CPC803,ELECTIVEIII,67.0,24.0,23.0,20.0,70.0,24.0,20.0,68.0,24.0,23.0,20.0,69.0,23.0,20.0,['Diploma'],['Diploma'],7.54,9.0,8.5,9.79,8.96,9.52,8.44
524:MCTCE,ELECTRONICS AND TELECOMMUNICATION ENGINEERING,10183410,ETE802:TELECOM,P,ETC801,ETC802,ETC803,ELECTIVEII,68.0,23.0,22.0,16.0,63.0,22.0,16.0,68.0,24.0,24.0,19.0,58.0,24.0,19.0,['Diploma'],['Diploma'],8.27,8.71,9.56,9.14,8.89,8.88,8.69
524:MCTCE,INFORMATION TECHNOLOGY ENGINEERING,51281755,ITC8045:SOFT,P,ITC801,ITC802,ITC803,ELECTIVEII,68.0,23.0,23.0,20.0,65.0,24.0,19.0,73.0,23.0,23.0,20.0,65.0,24.0,20.0,['Diploma'],['Diploma'],8.54,9.21,9.54,9.2,9.33,9.54,8.92
524:MCTCE,MECHANICAL,53282212,MEE8026:AUTOMOBILE,P,MEC801,MEC802,MEC803,ELECTIVEII,71.0,24.0,25.0,20.0,74.0,24.0,20.0,68.0,24.0,24.0,20.0,69.0,24.0,19.0,['Diploma'],['Diploma'],9.42,9.61,9.26,9.54,9.37,9.84,9.04
531:SFIT,COMPUTER ENGINEERING,45282860,CPE8034:DIGITAL,P,CPC801,CPC802,CPC803,ELECTIVEIII,64.0,23.0,23.0,20.0,69.0,24.0,19.0,63.0,24.0,23.0,19.0,62.0,24.0,19.0,['Diploma'],['Diploma'],8.46,9.61,9.17,10.0,9.68,9.56,9.26
531:SFIT,ELECTRONICS AND TELECOMMUNICATION ENGINEERING,10183564,ETE803:MICROWAVE,P,ETC801,ETC802,ETC803,ELECTIVEII,68.0,24.0,22.0,20.0,72.0,24.0,19.0,64.0,23.0,22.0,18.0,62.0,24.0,18.0,['Diploma'],['Diploma'],9.04,10.0,9.85,9.29,8.74,9.08,8.99
531:SFIT,INFORMATION TECHNOLOGY ENGINEERING,51281899,ITC8046:SOFTWARE,P,ITC801,ITC802,ITC803,ELECTIVEII,65.0,24.0,24.0,20.0,62.0,44.0,20.0,63.0,33.0,24.0,20.0,66.0,39.0,19.0,['Diploma'],['Diploma'],8.82,9.93,9.69,9.2,9.11,9.38,9.19
532:ACE,COMPUTER ENGINEERING,45283003,CPE8034:DIGITAL,P,CPC801,CPC802,CPC803,ELECTIVEIII,67.0,24.0,24.0,20.0,67.0,24.0,20.0,58.0,23.0,24.0,20.0,70.0,24.0,20.0,['Diploma'],['Diploma'],8.71,8.82,9.71,9.67,9.36,9.26,8.99
532:ACE,ELECTRONICS AND TELECOMMUNICATION ENGINEERING,10183699,ETE802:TELECOM,P,ETC801,ETC802,ETC803,ELECTIVEII,67.0,24.0,24.0,19.0,68.0,22.0,18.0,61.0,23.0,22.0,18.0,61.0,23.0,17.0,['Diploma'],['Diploma'],7.23,8.57,8.22,8.57,8.48,8.92,7.95
532:ACE,ELECTRONICS ENGINEERING,50281310,EXC8042:MOBILE,P,EXC801,EXC802,EXC803,ELECTIVEII,64.0,21.0,21.0,20.0,62.0,22.0,15.0,60.0,22.0,22.0,17.0,65.0,22.0,20.0,['Diploma'],['Diploma'],8.15,8.46,8.43,7.56,8.41,8.5,8.07
532:ACE,INFORMATION TECHNOLOGY ENGINEERING,51282070,ITC8046:SOFTWARE,P,ITC801,ITC802,ITC803,ELECTIVEII,65.0,23.0,22.0,15.0,62.0,23.0,20.0,56.0,23.0,23.0,19.0,71.0,23.0,18.0,['Diploma'],['Diploma'],9.11,9.07,9.23,9.52,8.63,9.0,8.72
533:SSPM,COMPUTER ENGINEERING,45283082,CPE8034:DIGITAL,P,CPC801,CPC802,CPC803,ELECTIVEIII,65.0,23.0,24.0,19.0,69.0,24.0,17.0,62.0,25.0,24.0,20.0,59.0,24.0,19.0,['Diploma'],['Diploma'],8.86,8.11,8.33,8.83,9.12,9.26,8.51
533:SSPM,ELECTRONICS AND TELECOMMUNICATION ENGINEERING,10183759,ETE802:TELECOM,P,ETC801,ETC802,ETC803,ELECTIVEII,63.0,23.0,22.0,17.0,62.0,23.0,19.0,55.0,24.0,20.0,18.0,51.0,23.0,20.0,['Diploma'],['Diploma'],9.08,9.86,9.7,8.86,9.11,9.08,9.28
533:SSPM,MECHANICAL,53282297,MEE8026:AUTOMOBILE,P,MEC801,MEC802,MEC803,ELECTIVEII,65.0,23.0,21.0,17.0,63.0,24.0,17.0,69.0,23.0,22.0,19.0,67.0,24.0,19.0,['Diploma'],['Diploma'],9.5,9.46,9.56,9.21,9.0,9.24,9.18
534:VIT,COMPUTER ENGINEERING,45283295,CPE8035:BIG,P,CPC801,CPC802,CPC803,ELECTIVEIII,67.0,24.0,24.0,20.0,72.0,24.0,20.0,67.0,24.0,24.0,20.0,71.0,25.0,20.0,['Diploma'],['Diploma'],9.29,9.18,9.5,9.5,9.48,9.56,8.99
534:VIT,ELECTRONICS AND TELECOMMUNICATION ENGINEERING,10183979,ETE802:TELECOM,P,ETC801,ETC802,ETC803,ELECTIVEII,74.0,24.0,24.0,20.0,66.0,24.0,20.0,69.0,24.0,23.0,20.0,64.0,32.0,20.0,['Diploma'],['Diploma'],9.88,9.86,9.56,9.71,9.41,9.65,9.42
534:VIT,ELECTRONICS ENGINEERING,50281507,EXC8043:DIGITAL,P,EXC801,EXC802,EXC803,ELECTIVEII,68.0,24.0,23.0,20.0,70.0,39.0,20.0,64.0,42.0,24.0,20.0,76.0,43.0,19.0,['Diploma'],['Diploma'],9.69,9.5,9.57,9.85,9.41,9.42,9.56
534:VIT,INFORMATION TECHNOLOGY ENGINEERING,51282297,ITC8046:SOFTWARE,P,ITC801,ITC802,ITC803,ELECTIVEII,70.0,24.0,23.0,20.0,69.0,24.0,20.0,69.0,48.0,24.0,20.0,68.0,43.0,20.0,['Diploma'],['Diploma'],9.86,9.96,9.62,9.8,9.33,9.27,9.37
537:TCET,CIVIL,43280834,CEE8047:APPRAISAL,P,CEC801,CEC802,CEC803,ELECTIVEII,70.0,24.0,24.0,20.0,68.0,24.0,20.0,75.0,24.0,24.0,20.0,76.0,23.0,20.0,['Diploma'],['Diploma'],9.67,9.42,9.96,10.0,9.81,10.0,9.68
537:TCET,COMPUTER ENGINEERING,45283440,CPE8035:BIG,P,CPC801,CPC802,CPC803,ELECTIVEIII,67.0,24.0,23.0,20.0,69.0,24.0,20.0,71.0,24.0,24.0,20.0,73.0,53.0,20.0,['Diploma'],['Diploma'],8.86,9.89,9.92,9.83,9.52,9.85,9.42
537:TCET,ELECTRONICS AND TELECOMMUNICATION ENGINEERING,10184148,ETE802:TELECOM,P,ETC801,ETC802,ETC803,ELECTIVEII,63.0,24.0,24.0,20.0,69.0,24.0,18.0,68.0,24.0,23.0,20.0,64.0,32.0,20.0,['Diploma'],['Diploma'],8.92,10.0,9.11,9.29,8.37,8.92,9.05
537:TCET,ELECTRONICS ENGINEERING,50281589,EXC8042:MOBILE,P,EXC801,EXC802,EXC803,ELECTIVEII,66.0,24.0,24.0,18.0,73.0,24.0,18.0,64.0,23.0,23.0,19.0,71.0,24.0,20.0,['Diploma'],['Diploma'],8.73,8.61,8.79,9.08,8.78,9.17,8.51
537:TCET,INFORMATION TECHNOLOGY ENGINEERING,51282440,ITC8045:SOFT,P,ITC801,ITC802,ITC803,ELECTIVEII,65.0,24.0,24.0,20.0,67.0,24.0,20.0,69.0,24.0,24.0,20.0,68.0,24.0,20.0,['Diploma'],['Diploma'],9.64,10.0,10.0,9.84,9.11,9.54,9.54
537:TCET,MECHANICAL,53282458,MEE8028:ALTERNATIVE,P,MEC801,MEC802,MEC803,ELECTIVEII,69.0,23.0,23.0,20.0,69.0,39.0,20.0,66.0,38.0,25.0,20.0,72.0,45.0,20.0,['Diploma'],['Diploma'],9.83,9.71,9.7,9.86,9.67,9.36,9.34
55:CRCE,COMPUTER ENGINEERING,45280219,CPE8035:BIG,P,CPC801,CPC802,CPC803,ELECTIVEIII,69.0,23.0,23.0,17.0,64.0,22.0,18.0,66.0,23.0,23.0,19.0,60.0,24.0,19.0,['Diploma'],['Diploma'],8.93,9.43,9.33,8.83,8.68,8.74,8.79
55:CRCE,ELECTRONICS ENGINEERING,50280119,EXC8044:BIOMEDICAL,P,EXC801,EXC802,EXC803,ELECTIVEII,76.0,24.0,24.0,19.0,68.0,24.0,17.0,59.0,24.0,22.0,19.0,68.0,24.0,17.0,['Diploma'],['Diploma'],9.27,9.46,9.04,9.44,8.44,9.29,8.77
55:CRCE,INFORMATION TECHNOLOGY ENGINEERING,51280225,ITC8045:SOFT,P,ITC801,ITC802,ITC803,ELECTIVEII,67.0,24.0,23.0,16.0,64.0,23.0,20.0,58.0,23.0,23.0,20.0,64.0,24.0,20.0,['Diploma'],['Diploma'],8.04,8.25,8.73,8.84,8.81,9.38,8.4
561:PIITE,AUTOMOBILE ENGINEERING,39280235,AEE8022:VEHICLE,P,AEC801,AEC802,AEC803,ELECTIVEII,70.0,24.0,24.0,17.0,68.0,23.0,18.0,64.0,24.0,24.0,16.0,56.0,24.0,15.0,['Diploma'],['Diploma'],8.83,8.0,8.19,7.56,9.15,9.48,8.31
561:PIITE,COMPUTER ENGINEERING,45283593,CPE8035:BIG,P,CPC801,CPC802,CPC803,ELECTIVEIII,69.0,24.0,24.0,20.0,70.0,25.0,20.0,63.0,24.0,24.0,20.0,69.0,24.0,20.0,['Diploma'],['Diploma'],9.07,9.0,9.25,9.46,9.36,9.7,9.07
561:PIITE,ELECTRONICS AND TELECOMMUNICATION ENGINEERING,10184281,ETE801:SPEECH,P,ETC801,ETC802,ETC803,ELECTIVEII,66.0,23.0,23.0,19.0,64.0,23.0,20.0,65.0,24.0,24.0,20.0,47.0,38.0,20.0,['Diploma'],['Diploma'],7.92,7.71,8.33,8.39,8.81,9.08,8.25
561:PIITE,ELECTRONICS ENGINEERING,50281706,EXC8042:MOBILE,P,EXC801,EXC802,EXC803,ELECTIVEII,61.0,25.0,24.0,20.0,65.0,25.0,20.0,61.0,24.0,24.0,18.0,61.0,24.0,20.0,['Diploma'],['Diploma'],7.38,8.14,9.0,9.3,8.93,9.17,8.1
561:PIITE,INFORMATION TECHNOLOGY ENGINEERING,51282588,ITC8046:SOFTWARE,P,ITC801,ITC802,ITC803,ELECTIVEII,66.0,24.0,24.0,20.0,63.0,24.0,20.0,56.0,24.0,24.0,18.0,63.0,25.0,20.0,['Diploma'],['Diploma'],8.32,8.64,8.42,8.64,9.48,9.04,8.43
561:PIITE,MECHANICAL,53282597,MEE8026:AUTOMOBILE,P,MEC801,MEC802,MEC803,ELECTIVEII,63.0,24.0,23.0,20.0,67.0,24.0,20.0,68.0,42.0,24.0,19.0,66.0,36.0,20.0,['Diploma'],['Diploma'],10.0,9.68,9.56,9.71,9.37,9.56,9.28
688:DBIT,COMPUTER ENGINEERING,45283648,CPE8035:BIG,P,CPC801,CPC802,CPC803,ELECTIVEIII,65.0,23.0,23.0,18.0,66.0,23.0,19.0,65.0,23.0,23.0,20.0,64.0,23.0,19.0,['Diploma'],['Diploma'],8.75,9.89,9.5,9.83,8.96,9.41,9.25
688:DBIT,ELECTRONICS AND TELECOMMUNICATION ENGINEERING,10184360,ETE802:TELECOM,P,ETC801,ETC802,ETC803,ELECTIVEII,70.0,22.0,23.0,19.0,67.0,23.0,18.0,72.0,22.0,23.0,18.0,60.0,21.0,20.0,['Diploma'],['Diploma'],6.96,7.07,7.3,8.57,7.85,9.0,7.64
688:DBIT,INFORMATION TECHNOLOGY ENGINEERING,51282646,ITC8045:SOFT,P,ITC801,ITC802,ITC803,ELECTIVEII,67.0,24.0,23.0,18.0,62.0,24.0,14.0,58.0,23.0,22.0,15.0,68.0,23.0,19.0,['Diploma'],['Diploma'],8.54,8.46,8.42,8.12,8.04,8.5,8.02
688:DBIT,MECHANICAL,53282737,MEE8027:PROCESS,P,MEC801,MEC802,MEC803,ELECTIVEII,67.0,24.0,24.0,18.0,63.0,23.0,20.0,72.0,24.0,24.0,20.0,67.0,24.0,20.0,['Diploma'],['Diploma'],9.67,9.46,9.78,9.46,9.44,9.44,9.46
689:KCCE,COMPUTER ENGINEERING,45283767,CPE8034:DIGITAL,P,CPC801,CPC802,CPC803,ELECTIVEIII,72.0,24.0,24.0,20.0,70.0,24.0,19.0,62.0,24.0,24.0,19.0,69.0,45.0,18.0,['Diploma'],['Diploma'],7.68,7.61,9.42,8.92,9.56,9.56,8.48
689:KCCE,ELECTRONICS AND TELECOMMUNICATION ENGINEERING,10184455,ETE802:TELECOM,P,ETC801,ETC802,ETC803,ELECTIVEII,69.0,24.0,23.0,16.0,59.0,24.0,19.0,61.0,23.0,23.0,18.0,51.0,32.0,20.0,['Diploma'],['Diploma'],7.85,7.79,8.89,7.14,8.22,9.08,8.05
689:KCCE,ELECTRONICS ENGINEERING,50281736,EXC8042:MOBILE,P,EXC801,EXC802,EXC803,ELECTIVEII,65.0,24.0,20.0,15.0,58.0,24.0,16.0,60.0,24.0,24.0,17.0,65.0,22.0,16.0,['Diploma'],['Diploma'],7.07,7.29,7.68,7.11,8.22,9.0,6.99
689:KCCE,INFORMATION TECHNOLOGY ENGINEERING,51282716,ITC8046:SOFTWARE,P,ITC801,ITC802,ITC803,ELECTIVEII,62.0,24.0,24.0,18.0,57.0,24.0,17.0,54.0,49.0,23.0,17.0,56.0,60.0,17.0,['Diploma'],['Diploma'],7.82,8.07,8.12,8.32,8.3,8.31,7.84
690:SIES,COMPUTER ENGINEERING,45283880,CPE8035:BIG,P,CPC801,CPC802,CPC803,ELECTIVEIII,70.0,22.0,23.0,20.0,68.0,23.0,18.0,70.0,24.0,23.0,18.0,61.0,23.0,20.0,['Diploma'],['Diploma'],8.14,8.71,8.67,9.29,8.8,9.63,8.67
690:SIES,ELECTRONICS AND TELECOMMUNICATION ENGINEERING,10184605,ETE802:TELECOM,P,ETC801,ETC802,ETC803,ELECTIVEII,66.0,24.0,22.0,16.0,68.0,38.0,20.0,61.0,32.0,23.0,17.0,61.0,38.0,19.0,['Diploma'],['Diploma'],9.54,10.0,10.0,9.57,8.74,9.0,9.36
690:SIES,INFORMATION TECHNOLOGY ENGINEERING,51282788,ITC8046:SOFTWARE,P,ITC801,ITC802,ITC803,ELECTIVEII,69.0,24.0,23.0,20.0,61.0,23.0,15.0,52.0,22.0,23.0,18.0,62.0,24.0,20.0,['Diploma'],['Diploma'],7.54,8.36,8.12,7.92,8.48,8.73,7.96
690:SIES,MECHANICAL,53282813,MEE8022:RENEWABLE,P,MEC801,MEC802,MEC803,ELECTIVEII,52.0,22.0,22.0,20.0,64.0,21.0,19.0,62.0,22.0,24.0,20.0,60.0,23.0,19.0,['Diploma'],['Diploma'],9.5,9.21,9.7,9.5,9.04,9.08,9.03
691:KJSIET,COMPUTER ENGINEERING,45283959,CPE8034:DIGITAL,P,CPC801,CPC802,CPC803,ELECTIVEIII,63.0,24.0,23.0,20.0,65.0,24.0,20.0,65.0,24.0,23.0,20.0,62.0,24.0,20.0,['Diploma'],['Diploma'],7.93,9.32,9.67,9.38,9.52,9.56,9.04
691:KJSIET,ELECTRONICS AND TELECOMMUNICATION ENGINEERING,10184767,ETE803:MICROWAVE,P,ETC801,ETC802,ETC803,ELECTIVEII,69.0,24.0,22.0,20.0,72.0,23.0,20.0,67.0,24.0,22.0,20.0,64.0,24.0,20.0,['Diploma'],['Diploma'],8.85,9.29,9.63,9.29,9.56,9.54,9.12
691:KJSIET,ELECTRONICS ENGINEERING,50281811,EXC8042:MOBILE,P,EXC801,EXC802,EXC803,ELECTIVEII,73.0,22.0,23.0,17.0,69.0,24.0,18.0,66.0,23.0,23.0,17.0,65.0,24.0,18.0,['Diploma'],['Diploma'],8.23,7.68,8.64,8.78,8.52,8.75,8.16
691:KJSIET,INFORMATION TECHNOLOGY ENGINEERING,51282869,ITC8045:SOFT,P,ITC801,ITC802,ITC803,ELECTIVEII,62.0,25.0,24.0,20.0,65.0,24.0,18.0,59.0,24.0,24.0,20.0,68.0,24.0,20.0,['Diploma'],['Diploma'],8.75,9.32,9.27,9.84,9.22,9.23,9.05
692:SCE,AUTOMOBILE ENGINEERING,39280303,AEE8022:VEHICLE,P,AEC801,AEC802,AEC803,ELECTIVEII,60.0,23.0,23.0,17.0,64.0,20.0,16.0,69.0,23.0,23.0,20.0,65.0,21.0,16.0,['Diploma'],['Diploma'],6.92,7.21,7.33,6.96,8.5,9.0,7.4
692:SCE,CIVIL,43281023,CEE80417:ADVANCED,P,CEC801,CEC802,CEC803,ELECTIVEII,67.0,24.0,24.0,20.0,69.0,24.0,20.0,77.0,24.0,24.0,20.0,64.0,24.0,20.0,['Diploma'],['Diploma'],8.79,9.19,9.48,9.46,9.7,9.83,9.08
692:SCE,COMPUTER ENGINEERING,45284030,CPE8035:BIG,P,CPC801,CPC802,CPC803,ELECTIVEIII,65.0,24.0,24.0,18.0,76.0,24.0,17.0,61.0,24.0,23.0,18.0,62.0,24.0,18.0,['Diploma'],['Diploma'],8.0,7.93,8.04,7.83,8.48,9.26,7.91
692:SCE,ELECTRONICS AND TELECOMMUNICATION ENGINEERING,10184875,ETE802:TELECOM,P,ETC801,ETC802,ETC803,ELECTIVEII,69.0,23.0,22.0,15.0,61.0,24.0,15.0,55.0,24.0,24.0,18.0,57.0,24.0,19.0,['Diploma'],['Diploma'],8.0,7.71,7.93,7.71,7.93,8.46,7.58
692:SCE,INFORMATION TECHNOLOGY ENGINEERING,51282918,ITC8046:SOFTWARE,P,ITC801,ITC802,ITC803,ELECTIVEII,70.0,24.0,24.0,20.0,65.0,23.0,17.0,71.0,23.0,24.0,20.0,58.0,24.0,19.0,['Diploma'],['Diploma'],7.79,7.61,7.15,6.96,8.19,9.08,7.37
692:SCE,MECHANICAL,53283028,MEE8026:AUTOMOBILE,P,MEC801,MEC802,MEC803,ELECTIVEII,73.0,24.0,24.0,20.0,66.0,37.0,20.0,67.0,34.0,23.0,20.0,70.0,53.0,20.0,['Diploma'],['Diploma'],9.54,9.57,9.41,9.64,9.44,9.76,9.36
734:YTIET,CIVIL,43281078,CEE80417:ADVANCED,P,CEC801,CEC802,CEC803,ELECTIVEII,48.0,22.0,23.0,19.0,59.0,43.0,18.0,61.0,37.0,24.0,20.0,67.0,46.0,20.0,['Diploma'],['Diploma'],7.53,7.19,7.4,8.04,8.44,8.21,7.67
734:YTIET,ELECTRONICS ENGINEERING,50281819,EXC8042:MOBILE,P,EXC801,EXC802,EXC803,ELECTIVEII,32.0,20.0,21.0,11.0,34.0,21.0,17.0,32.0,21.0,22.0,12.0,32.0,17.0,15.0,['Diploma'],['Diploma'],5.62,4.71,5.46,4.0,5.93,6.46,5.36
734:YTIET,MECHANICAL,53283146,MEE8022:RENEWABLE,P,MEC801,MEC802,MEC803,ELECTIVEII,59.0,24.0,23.0,20.0,57.0,24.0,20.0,63.0,23.0,23.0,18.0,69.0,24.0,19.0,['Diploma'],['Diploma'],7.42,9.14,8.81,7.89,8.59,9.04,8.48
736:XIE,COMPUTER ENGINEERING,45284142,CPE8035:BIG,P,CPC801,CPC802,CPC803,ELECTIVEIII,64.0,24.0,21.0,17.0,63.0,25.0,20.0,56.0,24.0,22.0,19.0,55.0,23.0,18.0,['Diploma'],['Diploma'],7.39,8.5,9.38,9.33,8.96,9.11,8.68
736:XIE,ELECTRONICS AND TELECOMMUNICATION ENGINEERING,10184989,ETE802:TELECOM,P,ETC801,ETC802,ETC803,ELECTIVEII,70.0,24.0,23.0,20.0,63.0,22.0,19.0,65.0,24.0,24.0,20.0,60.0,24.0,20.0,['Diploma'],['Diploma'],8.77,9.29,9.85,9.71,9.19,9.23,9.11
736:XIE,INFORMATION TECHNOLOGY ENGINEERING,51282993,ITC8046:SOFTWARE,P,ITC801,ITC802,ITC803,ELECTIVEII,68.0,24.0,24.0,18.0,65.0,24.0,20.0,59.0,50.0,23.0,19.0,62.0,48.0,19.0,['Diploma'],['Diploma'],8.36,9.5,9.31,9.04,8.11,9.23,8.54
742:GHARADA,CIVIL,43281160,CEE80415:INDUSTRIAL,P,CEC801,CEC802,CEC803,ELECTIVEII,57.0,23.0,23.0,18.0,65.0,23.0,19.0,73.0,23.0,23.0,19.0,73.0,23.0,18.0,['Diploma'],['Diploma'],7.89,7.81,8.4,8.61,9.26,9.5,8.19
742:GHARADA,COMPUTER ENGINEERING,45284174,CPE8035:BIG,P,CPC801,CPC802,CPC803,ELECTIVEIII,61.0,22.0,23.0,19.0,71.0,24.0,17.0,61.0,23.0,23.0,18.0,64.0,24.0,20.0,['Diploma'],['Diploma'],7.25,7.29,7.83,7.77,8.36,8.81,7.73
742:GHARADA,ELECTRONICS AND TELECOMMUNICATION ENGINEERING,10185018,ETE802:TELECOM,P,ETC801,ETC802,ETC803,ELECTIVEII,59.0,24.0,24.0,18.0,56.0,23.0,18.0,49.0,24.0,23.0,17.0,50.0,23.0,15.0,['Diploma'],['Diploma'],7.27,7.79,7.52,8.14,7.63,8.31,7.49
742:GHARADA,INFORMATION TECHNOLOGY ENGINEERING,51282998,ITC8046:SOFTWARE,P,ITC801,ITC802,ITC803,ELECTIVEII,38.0,23.0,23.0,15.0,41.0,22.0,13.0,32.0,23.0,24.0,18.0,33.0,21.0,11.0,['Diploma'],['Diploma'],5.71,5.64,6.46,6.24,7.7,7.23,6.5
742:GHARADA,MECHANICAL,53283251,MEE8026:AUTOMOBILE,P,MEC801,MEC802,MEC803,ELECTIVEII,65.0,23.0,22.0,18.0,61.0,24.0,18.0,65.0,23.0,22.0,17.0,62.0,24.0,19.0,['Diploma'],['Diploma'],9.25,9.18,9.41,8.54,9.3,9.08,9.13
751:SSJCET,CIVIL,43281230,CEE8048:DISASTER,P,CEC801,CEC802,CEC803,ELECTIVEII,65.0,24.0,24.0,20.0,75.0,23.0,19.0,66.0,25.0,23.0,20.0,67.0,24.0,19.0,['Diploma'],['Diploma'],9.48,9.27,9.64,9.29,9.89,10.0,9.57
751:SSJCET,COMPUTER ENGINEERING,45284227,CPE8034:DIGITAL,P,CPC801,CPC802,CPC803,ELECTIVEIII,68.0,23.0,23.0,18.0,64.0,24.0,20.0,65.0,23.0,23.0,18.0,67.0,24.0,19.0,['Diploma'],['Diploma'],7.07,7.68,8.33,8.33,9.04,9.56,8.06
751:SSJCET,ELECTRONICS AND TELECOMMUNICATION ENGINEERING,10185088,ETE802:TELECOM,P,ETC801,ETC802,ETC803,ELECTIVEII,60.0,23.0,24.0,16.0,60.0,23.0,14.0,67.0,23.0,23.0,16.0,55.0,24.0,16.0,['Diploma'],['Diploma'],6.76,6.93,7.19,7.21,7.63,8.85,7.0
751:SSJCET,MECHANICAL,53283412,MEE8026:AUTOMOBILE,P,MEC801,MEC802,MEC803,ELECTIVEII,65.0,24.0,24.0,18.0,67.0,51.0,19.0,62.0,65.0,23.0,19.0,67.0,64.0,20.0,['Diploma'],['Diploma'],8.5,8.11,7.48,8.43,8.59,9.0,8.01
776:ARIET,CIVIL,43281351,CEE80415:INDUSTRIAL,P,CEC801,CEC802,CEC803,ELECTIVEII,61.0,23.0,22.0,20.0,65.0,23.0,20.0,72.0,41.0,23.0,20.0,71.0,51.0,20.0,['Diploma'],['Diploma'],7.93,7.9,8.36,8.57,9.26,9.83,8.39
776:ARIET,COMPUTER ENGINEERING,45284273,CPE8035:BIG,P,CPC801,CPC802,CPC803,ELECTIVEIII,64.0,24.0,23.0,20.0,59.0,23.0,19.0,58.0,24.0,23.0,18.0,69.0,23.0,17.0,['Diploma'],['Diploma'],7.25,7.64,7.96,8.5,8.72,8.96,7.86
776:ARIET,ELECTRONICS AND TELECOMMUNICATION ENGINEERING,10185114,ETE802:TELECOM,P,ETC801,ETC802,ETC803,ELECTIVEII,59.0,22.0,23.0,19.0,69.0,20.0,19.0,56.0,22.0,22.0,20.0,65.0,22.0,19.0,['Diploma'],['Diploma'],6.73,7.64,8.26,8.68,8.96,9.38,8.15
776:ARIET,INFORMATION TECHNOLOGY ENGINEERING,51283029,ITC8046:SOFTWARE,P,ITC801,ITC802,ITC803,ELECTIVEII,66.0,23.0,24.0,20.0,59.0,23.0,18.0,54.0,23.0,23.0,20.0,61.0,23.0,18.0,['Diploma'],['Diploma'],7.54,7.43,8.0,7.64,8.48,8.62,7.65
776:ARIET,MECHANICAL,53283556,MEE8026:AUTOMOBILE,P,MEC801,MEC802,MEC803,ELECTIVEII,62.0,23.0,23.0,17.0,63.0,38.0,20.0,70.0,32.0,23.0,19.0,66.0,51.0,17.0,['Diploma'],['Diploma'],8.12,8.32,8.37,7.82,8.07,8.8,7.75
779:STJCET,CIVIL,43281411,CEE8049:PAVEMENT,P,CEC801,CEC802,CEC803,ELECTIVEII,64.0,24.0,24.0,20.0,68.0,40.0,20.0,64.0,36.0,24.0,20.0,71.0,57.0,19.0,['Diploma'],['Diploma'],9.26,9.19,9.92,9.68,9.41,9.67,9.38
779:STJCET,COMPUTER ENGINEERING,45284386,CPE8034:DIGITAL,P,CPC801,CPC802,CPC803,ELECTIVEIII,66.0,24.0,24.0,20.0,64.0,23.0,20.0,66.0,22.0,24.0,19.0,65.0,24.0,19.0,['Diploma'],['Diploma'],7.5,6.89,8.08,9.29,9.2,9.41,7.79
779:STJCET,ELECTRONICS AND TELECOMMUNICATION ENGINEERING,10185172,ETE802:TELECOM,P,ETC801,ETC802,ETC803,ELECTIVEII,66.0,21.0,22.0,18.0,61.0,23.0,18.0,57.0,22.0,23.0,19.0,55.0,22.0,19.0,['Diploma'],['Diploma'],6.15,7.89,8.52,8.29,8.07,8.88,7.87
779:STJCET,INFORMATION TECHNOLOGY ENGINEERING,51283087,ITC8046:SOFTWARE,P,ITC801,ITC802,ITC803,ELECTIVEII,65.0,23.0,23.0,18.0,56.0,23.0,19.0,52.0,23.0,23.0,18.0,55.0,24.0,20.0,['Diploma'],['Diploma'],7.36,8.0,8.81,8.4,8.33,8.15,7.87
779:STJCET,MECHANICAL,53283696,MEE8027:PROCESS,P,MEC801,MEC802,MEC803,ELECTIVEII,62.0,24.0,22.0,14.0,64.0,24.0,19.0,68.0,24.0,25.0,19.0,61.0,24.0,20.0,['Diploma'],['Diploma'],8.17,8.5,7.85,8.25,8.85,8.92,8.12
780:YTEM,CIVIL,43281498,CEE80415:INDUSTRIAL,P,CEC801,CEC802,CEC803,ELECTIVEII,59.0,22.0,22.0,19.0,56.0,43.0,18.0,56.0,43.0,23.0,18.0,73.0,50.0,19.0,['Diploma'],['Diploma'],7.19,7.6,7.32,6.75,8.93,8.42,7.59
780:YTEM,COMPUTER ENGINEERING,7187070,CPE8034:DIGITAL,P,CPC801,CPC802,CPC803,ELECTIVEIII,47.0,20.0,20.0,11.0,59.0,18.0,12.0,50.0,19.0,18.0,15.0,47.0,23.0,14.0,['Diploma'],['Diploma'],5.75,5.11,6.25,5.96,7.56,7.89,6.25
780:YTEM,MECHANICAL,53283819,MEE8022:RENEWABLE,P,MEC801,MEC802,MEC803,ELECTIVEII,60.0,23.0,23.0,17.0,56.0,23.0,17.0,56.0,32.0,24.0,17.0,67.0,32.0,19.0,['Diploma'],['Diploma'],8.12,7.36,7.07,6.89,8.48,8.48,7.13
802:THEEM,AUTOMOBILE ENGINEERING,39280338,AEE8022:VEHICLE,P,AEC801,AEC802,AEC803,ELECTIVEII,60.0,24.0,24.0,20.0,58.0,23.0,19.0,55.0,23.0,23.0,18.0,59.0,23.0,18.0,['Diploma'],['Diploma'],7.42,6.68,8.07,7.37,8.5,9.24,7.88
802:THEEM,CIVIL,43281565,CEE80415:INDUSTRIAL,P,CEC801,CEC802,CEC803,ELECTIVEII,64.0,24.0,24.0,20.0,65.0,23.0,18.0,63.0,24.0,23.0,17.0,65.0,23.0,18.0,['Diploma'],['Diploma'],9.11,9.0,9.36,8.96,8.81,9.46,9.12
802:THEEM,COMPUTER ENGINEERING,45284486,CPE8035:BIG,P,CPC801,CPC802,CPC803,ELECTIVEIII,62.0,24.0,24.0,20.0,63.0,24.0,19.0,64.0,24.0,24.0,20.0,72.0,24.0,20.0,['Diploma'],['Diploma'],7.36,9.43,9.0,9.83,9.44,9.85,8.85
802:THEEM,ELECTRONICS AND TELECOMMUNICATION ENGINEERING,10185211,ETE802:TELECOM,P,ETC801,ETC802,ETC803,ELECTIVEII,62.0,22.0,22.0,18.0,61.0,21.0,20.0,57.0,22.0,21.0,19.0,54.0,23.0,19.0,['Diploma'],['Diploma'],8.15,8.04,7.81,7.43,7.63,9.38,7.82
802:THEEM,ELECTRONICS ENGINEERING,50281852,EXC8042:MOBILE,P,EXC801,EXC802,EXC803,ELECTIVEII,44.0,21.0,22.0,19.0,46.0,22.0,19.0,47.0,21.0,21.0,18.0,55.0,22.0,17.0,['Diploma'],['Diploma'],6.62,6.43,7.29,7.93,7.59,8.17,7.34
802:THEEM,INFORMATION TECHNOLOGY ENGINEERING,51283147,ITC8046:SOFTWARE,P,ITC801,ITC802,ITC803,ELECTIVEII,67.0,24.0,24.0,20.0,64.0,23.0,20.0,54.0,21.0,24.0,19.0,65.0,24.0,19.0,['Diploma'],['Diploma'],7.07,8.39,8.12,8.72,8.59,8.77,8.2
802:THEEM,MECHANICAL,53283967,MEE8026:AUTOMOBILE,P,MEC801,MEC802,MEC803,ELECTIVEII,64.0,24.0,24.0,20.0,66.0,50.0,20.0,68.0,47.0,23.0,20.0,73.0,55.0,19.0,['Diploma'],['Diploma'],9.0,8.61,8.15,8.75,9.26,9.04,8.59
807:GVAIET,CIVIL,43281629,CEE80415:INDUSTRIAL,P,CEC801,CEC802,CEC803,ELECTIVEII,51.0,24.0,24.0,20.0,65.0,44.0,20.0,62.0,49.0,24.0,19.0,71.0,55.0,19.0,['Diploma'],['Diploma'],7.78,8.08,8.12,8.79,9.56,9.17,8.55
807:GVAIET,COMPUTER ENGINEERING,45284521,CPE8034:DIGITAL,P,CPC801,CPC802,CPC803,ELECTIVEIII,62.0,21.0,22.0,19.0,63.0,23.0,19.0,55.0,22.0,22.0,19.0,60.0,23.0,17.0,['Diploma'],['Diploma'],6.96,7.82,7.83,8.08,9.04,9.11,8.14
807:GVAIET,MECHANICAL,53284119,MEE8026:AUTOMOBILE,P,MEC801,MEC802,MEC803,ELECTIVEII,66.0,24.0,23.0,20.0,68.0,37.0,18.0,73.0,43.0,23.0,17.0,70.0,32.0,19.0,['Diploma'],['Diploma'],8.58,8.21,8.37,8.39,8.7,9.24,8.51
822:PILLAIS,AUTOMOBILE ENGINEERING,39280401,AEE8022:VEHICLE,P,AEC801,AEC802,AEC803,ELECTIVEII,61.0,22.0,22.0,17.0,61.0,23.0,15.0,57.0,23.0,24.0,15.0,57.0,22.0,19.0,['Diploma'],['Diploma'],7.0,6.29,7.44,6.41,7.85,9.0,7.11
822:PILLAIS,CIVIL,43281783,CEE8045:BRIDGE,P,CEC801,CEC802,CEC803,ELECTIVEII,69.0,23.0,23.0,19.0,70.0,65.0,20.0,71.0,45.0,24.0,20.0,68.0,56.0,20.0,['Diploma'],['Diploma'],8.56,8.27,8.68,9.5,9.63,9.67,8.9
822:PILLAIS,COMPUTER ENGINEERING,45284695,CPE8035:BIG,P,CPC801,CPC802,CPC803,ELECTIVEIII,66.0,24.0,23.0,20.0,72.0,24.0,20.0,66.0,24.0,24.0,20.0,73.0,24.0,17.0,['Diploma'],['Diploma'],8.5,9.14,9.42,8.96,9.2,9.33,8.9
822:PILLAIS,ELECTRONICS AND TELECOMMUNICATION ENGINEERING,10185290,ETE802:TELECOM,P,ETC801,ETC802,ETC803,ELECTIVEII,67.0,24.0,23.0,19.0,64.0,23.0,17.0,62.0,24.0,24.0,19.0,60.0,23.0,18.0,['Diploma'],['Diploma'],8.31,8.39,9.26,9.0,8.37,9.38,8.79
822:PILLAIS,ELECTRONICS ENGINEERING,50281885,EXC8042:MOBILE,P,EXC801,EXC802,EXC803,ELECTIVEII,45.0,23.0,23.0,17.0,56.0,22.0,14.0,43.0,23.0,23.0,17.0,54.0,23.0,16.0,['Diploma'],['Diploma'],6.12,6.32,7.71,8.93,8.19,7.83,7.5
822:PILLAIS,INFORMATION TECHNOLOGY ENGINEERING,51283203,ITC8046:SOFTWARE,P,ITC801,ITC802,ITC803,ELECTIVEII,67.0,23.0,23.0,16.0,62.0,22.0,16.0,57.0,24.0,22.0,18.0,67.0,40.0,20.0,['Diploma'],['Diploma'],7.64,7.68,8.15,8.32,8.7,8.54,7.84
822:PILLAIS,MECHANICAL,53284341,MEE8026:AUTOMOBILE,P,MEC801,MEC802,MEC803,ELECTIVEII,64.0,24.0,23.0,18.0,65.0,44.0,19.0,70.0,32.0,24.0,19.0,68.0,43.0,19.0,['Diploma'],['Diploma'],8.88,8.57,8.15,8.21,9.15,9.52,8.41
823:VIVATECH,CIVIL,43281943,CEE80415:INDUSTRIAL,P,CEC801,CEC802,CEC803,ELECTIVEII,57.0,24.0,24.0,19.0,65.0,45.0,20.0,68.0,37.0,24.0,18.0,73.0,35.0,20.0,['Diploma'],['Diploma'],8.81,8.54,9.4,9.04,9.22,9.5,8.76
823:VIVATECH,COMPUTER ENGINEERING,45284770,CPE8031:MACHINE,P,CPC801,CPC802,CPC803,ELECTIVEIII,62.0,23.0,22.0,20.0,64.0,23.0,18.0,62.0,23.0,23.0,20.0,62.0,23.0,19.0,['Diploma'],['Diploma'],8.43,8.21,9.0,9.04,8.56,8.67,8.33
823:VIVATECH,ELECTRONICS AND TELECOMMUNICATION ENGINEERING,10185364,ETE802:TELECOM,P,ETC801,ETC802,ETC803,ELECTIVEII,64.0,22.0,22.0,18.0,65.0,22.0,19.0,65.0,22.0,21.0,16.0,61.0,24.0,20.0,['Diploma'],['Diploma'],8.46,9.29,8.96,9.71,8.33,9.0,8.75
823:VIVATECH,MECHANICAL,53284482,MEE8022:RENEWABLE,P,MEC801,MEC802,MEC803,ELECTIVEII,66.0,24.0,24.0,18.0,60.0,52.0,17.0,71.0,45.0,23.0,20.0,67.0,47.0,20.0,['Diploma'],['Diploma'],9.5,8.75,7.63,8.04,8.74,9.2,8.32
824:SESKARJAT,COMPUTER ENGINEERING,7185800,CPE8034:DIGITAL,P,CPC801,CPC802,CPC803,ELECTIVEIII,33.0,18.0,17.0,8.0,49.0,19.0,9.0,52.0,21.0,21.0,11.0,47.0,20.0,8.0,['Diploma'],['Diploma'],5.21,5.29,5.71,4.29,6.64,7.33,5.75
824:SESKARJAT,ELECTRONICS AND TELECOMMUNICATION ENGINEERING,10185387,ETE802:TELECOM,P,ETC801,ETC802,ETC803,ELECTIVEII,58.0,23.0,22.0,15.0,60.0,20.0,14.0,59.0,22.0,22.0,15.0,48.0,23.0,15.0,['Diploma'],['Diploma'],5.58,4.68,6.19,5.18,7.48,8.15,6.17
824:SESKARJAT,MECHANICAL,53284610,MEE8026:AUTOMOBILE,P,MEC801,MEC802,MEC803,ELECTIVEII,55.0,23.0,22.0,18.0,60.0,23.0,17.0,55.0,32.0,23.0,18.0,61.0,32.0,19.0,['Diploma'],['Diploma'],7.5,7.07,6.89,7.11,8.26,8.2,7.42
857:DILKAP,CIVIL,43282041,CEE80417:ADVANCED,P,CEC801,CEC802,CEC803,ELECTIVEII,57.0,24.0,23.0,20.0,66.0,25.0,19.0,67.0,47.0,23.0,19.0,63.0,45.0,20.0,['Diploma'],['Diploma'],8.11,8.19,8.44,8.07,8.96,9.33,8.18
857:DILKAP,COMPUTER ENGINEERING,45284874,CPE8034:DIGITAL,P,CPC801,CPC802,CPC803,ELECTIVEIII,73.0,23.0,23.0,19.0,69.0,23.0,18.0,59.0,23.0,24.0,20.0,67.0,22.0,19.0,['Diploma'],['Diploma'],6.57,7.21,7.58,7.88,8.32,9.07,7.5
857:DILKAP,ELECTRONICS AND TELECOMMUNICATION ENGINEERING,10185415,ETE802:TELECOM,P,ETC801,ETC802,ETC803,ELECTIVEII,55.0,24.0,24.0,18.0,43.0,23.0,15.0,56.0,24.0,24.0,17.0,46.0,24.0,14.0,['Diploma'],['Diploma'],6.81,6.68,6.26,6.86,7.3,8.15,7.01
857:DILKAP,MECHANICAL,53284809,MEE8026:AUTOMOBILE,P,MEC801,MEC802,MEC803,ELECTIVEII,70.0,23.0,23.0,20.0,65.0,32.0,20.0,69.0,41.0,23.0,20.0,67.0,37.0,19.0,['Diploma'],['Diploma'],8.17,7.86,8.22,9.04,9.04,9.24,8.46
889:LAINSTT,COMPUTER ENGINEERING,45284895,CPE8035:BIG,P,CPC801,CPC802,CPC803,ELECTIVEIII,55.0,21.0,21.0,13.0,60.0,24.0,17.0,62.0,24.0,23.0,14.0,56.0,24.0,16.0,['Diploma'],['Diploma'],6.11,6.32,7.08,6.79,7.6,8.26,6.92
889:LAINSTT,ELECTRONICS ENGINEERING,50281907,EXC8042:MOBILE,P,EXC801,EXC802,EXC803,ELECTIVEII,32.0,21.0,20.0,9.0,57.0,21.0,14.0,34.0,19.0,20.0,9.0,46.0,20.0,11.0,['Diploma'],['Diploma'],6.58,5.57,6.11,5.81,6.11,6.63,6.14
889:LAINSTT,MECHANICAL,53284956,MEE8026:AUTOMOBILE,P,MEC801,MEC802,MEC803,ELECTIVEII,60.0,24.0,24.0,20.0,60.0,24.0,19.0,64.0,23.0,23.0,18.0,64.0,24.0,20.0,['Diploma'],['Diploma'],7.62,7.36,7.67,7.18,8.26,8.96,7.28
890:LRTIWARI,CIVIL,43282115,CEE80415:INDUSTRIAL,P,CEC801,CEC802,CEC803,ELECTIVEII,63.0,25.0,24.0,20.0,64.0,43.0,19.0,69.0,55.0,22.0,20.0,61.0,43.0,20.0,['Diploma'],['Diploma'],8.37,8.71,8.52,9.14,9.11,9.38,8.47
890:LRTIWARI,COMPUTER ENGINEERING,45284954,CPE8035:BIG,P,CPC801,CPC802,CPC803,ELECTIVEIII,64.0,23.0,22.0,20.0,75.0,24.0,20.0,62.0,24.0,24.0,20.0,55.0,23.0,19.0,['Diploma'],['Diploma'],9.32,9.71,10.0,9.83,9.68,9.11,9.61
890:LRTIWARI,ELECTRONICS AND TELECOMMUNICATION ENGINEERING,10185568,ETE802:TELECOM,P,ETC801,ETC802,ETC803,ELECTIVEII,68.0,23.0,23.0,19.0,65.0,23.0,17.0,66.0,23.0,23.0,20.0,62.0,36.0,18.0,['Diploma'],['Diploma'],7.5,8.32,8.67,8.14,8.96,9.54,8.45
890:LRTIWARI,ELECTRONICS ENGINEERING,50281959,EXC8042:MOBILE,P,EXC801,EXC802,EXC803,ELECTIVEII,47.0,24.0,24.0,14.0,64.0,23.0,16.0,53.0,24.0,23.0,18.0,56.0,23.0,17.0,['Diploma'],['Diploma'],7.04,7.18,6.57,7.07,7.89,8.0,7.13
890:LRTIWARI,INFORMATION TECHNOLOGY ENGINEERING,51283274,ITC8046:SOFTWARE,P,ITC801,ITC802,ITC803,ELECTIVEII,62.0,24.0,23.0,18.0,62.0,24.0,19.0,55.0,23.0,23.0,19.0,60.0,23.0,18.0,['Diploma'],['Diploma'],6.71,7.29,8.65,8.4,8.89,8.62,7.58
890:LRTIWARI,MECHANICAL,53285079,MEE8026:AUTOMOBILE,P,MEC801,MEC802,MEC803,ELECTIVEII,67.0,23.0,23.0,18.0,64.0,46.0,20.0,70.0,46.0,24.0,20.0,68.0,44.0,19.0,['Diploma'],['Diploma'],9.17,8.79,8.41,8.82,8.96,9.24,8.62
944:AIISET,CIVIL,43282265,CEE8045:BRIDGE,P,CEC801,CEC802,CEC803,ELECTIVEII,65.0,24.0,24.0,20.0,70.0,24.0,20.0,67.0,24.0,23.0,20.0,67.0,25.0,20.0,['Diploma'],['Diploma'],8.63,8.96,9.24,9.18,9.26,9.5,8.71
944:AIISET,COMPUTER ENGINEERING,45285030,CPE8031:MACHINE,P,CPC801,CPC802,CPC803,ELECTIVEIII,69.0,24.0,24.0,19.0,68.0,24.0,20.0,63.0,24.0,24.0,19.0,69.0,24.0,20.0,['Diploma'],['Diploma'],9.71,8.96,8.67,8.58,9.04,9.3,8.89
944:AIISET,ELECTRONICS AND TELECOMMUNICATION ENGINEERING,10185688,ETE802:TELECOM,P,ETC801,ETC802,ETC803,ELECTIVEII,66.0,24.0,23.0,20.0,65.0,24.0,20.0,68.0,24.0,24.0,20.0,56.0,32.0,19.0,['Diploma'],['Diploma'],8.31,8.11,9.15,8.71,8.44,9.08,8.36
944:AIISET,MECHANICAL,53285223,MEE8026:AUTOMOBILE,P,MEC801,MEC802,MEC803,ELECTIVEII,68.0,24.0,24.0,20.0,63.0,34.0,20.0,70.0,40.0,23.0,19.0,62.0,42.0,20.0,['Diploma'],['Diploma'],9.5,9.86,9.52,9.43,9.11,9.08,9.11
945:VOGCOE,CIVIL,43282321,CEE80415:INDUSTRIAL,P,CEC801,CEC802,CEC803,ELECTIVEII,56.0,24.0,24.0,19.0,63.0,52.0,18.0,63.0,52.0,23.0,19.0,60.0,41.0,17.0,['Diploma'],['Diploma'],7.52,7.12,7.2,7.79,8.96,8.83,7.64
945:VOGCOE,COMPUTER ENGINEERING,45285062,CPE8035:BIG,P,CPC801,CPC802,CPC803,ELECTIVEIII,66.0,22.0,22.0,18.0,64.0,22.0,18.0,63.0,23.0,23.0,19.0,53.0,22.0,18.0,['Diploma'],['Diploma'],7.21,7.5,8.5,8.17,8.24,9.11,8.07
945:VOGCOE,ELECTRONICS AND TELECOMMUNICATION ENGINEERING,10185707,ETE802:TELECOM,P,ETC801,ETC802,ETC803,ELECTIVEII,58.0,23.0,23.0,18.0,60.0,23.0,18.0,55.0,23.0,23.0,19.0,55.0,34.0,17.0,['Diploma'],['Diploma'],6.88,7.96,9.11,8.71,8.37,8.77,8.15
945:VOGCOE,INFORMATION TECHNOLOGY ENGINEERING,51283280,ITC8046:SOFTWARE,P,ITC801,ITC802,ITC803,ELECTIVEII,63.0,23.0,24.0,17.0,48.0,21.0,18.0,51.0,22.0,22.0,18.0,55.0,22.0,18.0,['Diploma'],['Diploma'],7.89,7.75,8.69,9.36,8.0,8.46,8.36
945:VOGCOE,MECHANICAL,53285300,MEE8026:AUTOMOBILE,P,MEC801,MEC802,MEC803,ELECTIVEII,65.0,23.0,23.0,19.0,65.0,24.0,20.0,69.0,23.0,24.0,20.0,68.0,24.0,20.0,['Diploma'],['Diploma'],8.08,8.36,8.81,8.11,9.41,9.52,8.7
946:GMVIT,CIVIL,43282380,CEE80415:INDUSTRIAL,P,CEC801,CEC802,CEC803,ELECTIVEII,56.0,23.0,23.0,19.0,62.0,24.0,18.0,65.0,23.0,22.0,20.0,64.0,24.0,20.0,['Diploma'],['Diploma'],7.18,7.27,7.8,7.11,8.96,9.67,7.76
946:GMVIT,COMPUTER ENGINEERING,45285081,CPE8035:BIG,P,CPC801,CPC802,CPC803,ELECTIVEIII,60.0,23.0,23.0,20.0,66.0,24.0,19.0,55.0,22.0,23.0,19.0,58.0,24.0,17.0,['Diploma'],['Diploma'],7.41,8.21,8.83,9.0,8.72,8.96,8.52
946:GMVIT,ELECTRONICS AND TELECOMMUNICATION ENGINEERING,10185719,ETE802:TELECOM,P,ETC801,ETC802,ETC803,ELECTIVEII,49.0,23.0,22.0,16.0,45.0,23.0,19.0,41.0,23.0,22.0,14.0,46.0,23.0,19.0,['Diploma'],['Diploma'],6.73,6.18,7.11,5.96,6.59,7.5,6.55
946:GMVIT,MECHANICAL,53285381,MEE8026:AUTOMOBILE,P,MEC801,MEC802,MEC803,ELECTIVEII,61.0,24.0,23.0,20.0,55.0,33.0,17.0,64.0,42.0,23.0,20.0,71.0,47.0,20.0,['Diploma'],['Diploma'],8.08,8.46,8.07,7.89,8.33,9.2,7.74
948:BRHCET,AUTOMOBILE ENGINEERING,39280423,AEE8022:VEHICLE,P,AEC801,AEC802,AEC803,ELECTIVEII,59.0,22.0,22.0,17.0,57.0,22.0,18.0,57.0,22.0,22.0,17.0,55.0,21.0,18.0,['Diploma'],['Diploma'],7.25,6.11,6.5,5.93,7.35,8.04,6.55
948:BRHCET,CIVIL,43282472,CEE80415:INDUSTRIAL,P,CEC801,CEC802,CEC803,ELECTIVEII,60.0,22.0,24.0,18.0,63.0,24.0,19.0,64.0,24.0,23.0,18.0,66.0,24.0,15.0,['Diploma'],['Diploma'],8.15,7.06,7.76,7.21,8.81,8.83,7.89
948:BRHCET,COMPUTER ENGINEERING,45285104,CPE8035:BIG,P,CPC801,CPC802,CPC803,ELECTIVEIII,60.0,24.0,24.0,18.0,60.0,22.0,18.0,57.0,23.0,22.0,17.0,55.0,23.0,15.0,['Diploma'],['Diploma'],6.14,6.57,6.62,7.33,7.92,8.81,7.06
948:BRHCET,ELECTRONICS AND TELECOMMUNICATION ENGINEERING,10185741,ETE802:TELECOM,P,ETC801,ETC802,ETC803,ELECTIVEII,57.0,24.0,23.0,19.0,63.0,23.0,19.0,50.0,21.0,22.0,19.0,54.0,22.0,16.0,['Diploma'],['Diploma'],6.46,5.93,6.89,7.0,7.93,8.46,7.11
948:BRHCET,MECHANICAL,53285507,MEE8022:RENEWABLE,P,MEC801,MEC802,MEC803,ELECTIVEII,60.0,23.0,22.0,18.0,63.0,23.0,17.0,63.0,23.0,22.0,19.0,68.0,46.0,17.0,['Diploma'],['Diploma'],7.58,7.29,6.85,6.68,8.41,8.68,7.22
949:MITM,CIVIL,43282559,CEE80415:INDUSTRIAL,P,CEC801,CEC802,CEC803,ELECTIVEII,49.0,24.0,23.0,20.0,60.0,23.0,18.0,70.0,24.0,23.0,20.0,70.0,23.0,19.0,['Diploma'],['Diploma'],8.15,7.54,7.72,7.71,8.52,8.46,7.78
949:MITM,COMPUTER ENGINEERING,45285121,CPE8034:DIGITAL,P,CPC801,CPC802,CPC803,ELECTIVEIII,54.0,23.0,23.0,18.0,61.0,22.0,17.0,50.0,23.0,19.0,17.0,64.0,20.0,20.0,['Diploma'],['Diploma'],7.0,6.89,8.08,8.71,8.08,8.67,7.87
949:MITM,ELECTRONICS AND TELECOMMUNICATION ENGINEERING,10185755,ETE802:TELECOM,P,ETC801,ETC802,ETC803,ELECTIVEII,58.0,20.0,21.0,15.0,43.0,21.0,9.0,43.0,20.0,20.0,16.0,56.0,21.0,15.0,['Diploma'],['Diploma'],6.0,5.92,6.22,5.93,6.85,7.27,6.24
949:MITM,MECHANICAL,53285616,MEE8026:AUTOMOBILE,P,MEC801,MEC802,MEC803,ELECTIVEII,67.0,23.0,24.0,20.0,58.0,37.0,17.0,61.0,61.0,24.0,20.0,66.0,62.0,20.0,['Diploma'],['Diploma'],8.0,7.64,7.89,8.79,9.0,9.36,8.11
978:PARSHURAM,CIVIL,43282618,CEE80415:INDUSTRIAL,P,CEC801,CEC802,CEC803,ELECTIVEII,62.0,23.0,23.0,17.0,63.0,23.0,18.0,66.0,23.0,23.0,18.0,67.0,22.0,18.0,['Diploma'],['Diploma'],7.96,7.69,8.2,8.25,9.26,8.96,7.74
978:PARSHURAM,COMPUTER ENGINEERING,45285132,CPE8035:BIG,P,CPC801,CPC802,CPC803,ELECTIVEIII,50.0,23.0,23.0,19.0,52.0,23.0,14.0,50.0,22.0,22.0,16.0,52.0,21.0,16.0,['Diploma'],['Diploma'],6.29,6.75,8.33,7.75,8.4,8.04,7.59
978:PARSHURAM,MECHANICAL,53285694,MEE8024:BUSINESS,P,MEC801,MEC802,MEC803,ELECTIVEII,70.0,24.0,23.0,18.0,60.0,44.0,21.0,66.0,35.0,22.0,20.0,64.0,38.0,19.0,['Diploma'],['Diploma'],8.67,9.46,9.7,9.04,8.44,9.12,9.07
982:VIDYAVIKAS,CIVIL,43282751,CEE80416:TRANSPORTATION,P,CEC801,CEC802,CEC803,ELECTIVEII,65.0,25.0,24.0,20.0,67.0,37.0,20.0,72.0,36.0,24.0,20.0,76.0,48.0,20.0,['Diploma'],['Diploma'],9.33,9.23,9.32,9.89,9.7,9.83,9.46
982:VIDYAVIKAS,COMPUTER ENGINEERING,45285260,CPE8035:BIG,P,CPC801,CPC802,CPC803,ELECTIVEIII,64.0,24.0,23.0,19.0,66.0,36.0,20.0,59.0,32.0,24.0,20.0,65.0,38.0,20.0,['Diploma'],['Diploma'],8.25,8.25,9.33,9.67,9.36,9.19,8.65
982:VIDYAVIKAS,ELECTRONICS AND TELECOMMUNICATION ENGINEERING,10185804,ETE802:TELECOM,P,ETC801,ETC802,ETC803,ELECTIVEII,64.0,23.0,24.0,20.0,56.0,24.0,16.0,60.0,23.0,24.0,20.0,62.0,24.0,18.0,['Diploma'],['Diploma'],7.23,6.46,7.74,7.86,7.48,8.92,7.49
982:VIDYAVIKAS,ELECTRONICS ENGINEERING,50281988,EXC8042:MOBILE,P,EXC801,EXC802,EXC803,ELECTIVEII,61.0,23.0,23.0,19.0,65.0,24.0,17.0,57.0,23.0,23.0,18.0,59.0,23.0,16.0,['Diploma'],['Diploma'],6.85,6.29,6.82,7.67,8.7,8.67,7.28
982:VIDYAVIKAS,INFORMATION TECHNOLOGY ENGINEERING,51283354,ITC8046:SOFTWARE,P,ITC801,ITC802,ITC803,ELECTIVEII,68.0,24.0,24.0,20.0,65.0,25.0,20.0,60.0,32.0,23.0,20.0,63.0,38.0,20.0,['Diploma'],['Diploma'],8.32,9.25,9.27,8.2,9.11,9.38,8.5
990:VISHWANIKE,CIVIL,43282854,CEE80415:INDUSTRIAL,P,CEC801,CEC802,CEC803,ELECTIVEII,67.0,24.0,24.0,20.0,69.0,24.0,20.0,71.0,24.0,23.0,20.0,68.0,48.0,20.0,['Diploma'],['Diploma'],8.56,8.12,8.2,8.43,8.96,9.33,8.22
990:VISHWANIKE,COMPUTER ENGINEERING,45285303,CPE8035:BIG,P,CPC801,CPC802,CPC803,ELECTIVEIII,66.0,25.0,24.0,19.0,65.0,25.0,19.0,58.0,25.0,24.0,20.0,67.0,25.0,20.0,['Diploma'],['Diploma'],7.71,9.29,9.0,8.5,9.52,9.56,8.72
990:VISHWANIKE,ELECTRONICS AND TELECOMMUNICATION ENGINEERING,10185855,ETE802:TELECOM,P,ETC801,ETC802,ETC803,ELECTIVEII,61.0,21.0,21.0,15.0,56.0,21.0,18.0,58.0,21.0,21.0,16.0,52.0,21.0,15.0,['Diploma'],['Diploma'],8.46,7.46,7.93,7.25,7.89,8.27,7.57
990:VISHWANIKE,MECHANICAL,53285836,MEE8026:AUTOMOBILE,P,MEC801,MEC802,MEC803,ELECTIVEII,66.0,23.0,24.0,19.0,59.0,24.0,19.0,63.0,24.0,24.0,20.0,65.0,24.0,19.0,['Diploma'],['Diploma'],9.25,8.82,9.26,9.36,8.78,9.44,9.1
991:IDAL INST,CIVIL,43282903,CEE80415:INDUSTRIAL,P,CEC801,CEC802,CEC803,ELECTIVEII,55.0,23.0,22.0,20.0,58.0,22.0,19.0,62.0,22.0,22.0,20.0,74.0,43.0,19.0,['Diploma'],['Diploma'],6.85,6.75,7.04,7.39,8.07,8.33,7.19
991:IDAL INST,COMPUTER ENGINEERING,45285308,CPE8034:DIGITAL,P,CPC801,CPC802,CPC803,ELECTIVEIII,54.0,21.0,20.0,16.0,56.0,22.0,16.0,58.0,21.0,19.0,16.0,51.0,22.0,14.0,['Diploma'],['Diploma'],6.39,7.14,6.83,8.08,7.2,7.96,7.27
991:IDAL INST,ELECTRONICS AND TELECOMMUNICATION ENGINEERING,10185859,ETE802:TELECOM,P,ETC801,ETC802,ETC803,ELECTIVEII,53.0,22.0,23.0,19.0,47.0,23.0,19.0,39.0,23.0,23.0,19.0,55.0,24.0,20.0,['Diploma'],['Diploma'],7.23,6.43,6.85,5.86,7.48,8.46,7.05
991:IDAL INST,MECHANICAL,53285893,MEE8026:AUTOMOBILE,P,MEC801,MEC802,MEC803,ELECTIVEII,58.0,23.0,23.0,18.0,59.0,51.0,18.0,65.0,44.0,23.0,20.0,61.0,61.0,18.0,['Diploma'],['Diploma'],7.38,7.36,7.33,7.25,8.07,8.68,7.27
995:NEW HORIZO,CIVIL,43282950,CEE80417:ADVANCED,P,CEC801,CEC802,CEC803,ELECTIVEII,52.0,24.0,24.0,15.0,61.0,24.0,19.0,65.0,23.0,23.0,19.0,64.0,24.0,20.0,['Diploma'],['Diploma'],7.74,8.5,8.08,8.25,9.26,8.83,8.16
995:NEW HORIZO,COMPUTER ENGINEERING,45285351,CPE8034:DIGITAL,P,CPC801,CPC802,CPC803,ELECTIVEIII,63.0,23.0,24.0,20.0,64.0,24.0,20.0,63.0,24.0,24.0,20.0,59.0,24.0,20.0,['Diploma'],['Diploma'],8.21,8.82,8.83,8.79,8.84,9.41,8.51
995:NEW HORIZO,ELECTRONICS AND ELECTRICAL ENGINEERING,10328006,ELE802:POWER,P,ELC801,ELC802,ELC803,ELECTIVEII,66.0,23.0,23.0,20.0,66.0,22.0,20.0,63.0,23.0,23.0,19.0,60.0,23.0,20.0,['Diploma'],['Diploma'],9.2,8.16,9.59,9.29,8.81,9.85,9.1
995:NEW HORIZO,MECHANICAL,53285899,MEE8026:AUTOMOBILE,P,MEC801,MEC802,MEC803,ELECTIVEII,52.0,23.0,23.0,20.0,55.0,23.0,17.0,56.0,32.0,21.0,19.0,48.0,32.0,17.0,['Diploma'],['Diploma'],6.92,6.64,7.0,7.11,7.56,8.52,7.21
996:A P SHAH,CIVIL,43283008,CEE8047:APPRAISAL,P,CEC801,CEC802,CEC803,ELECTIVEII,69.0,23.0,23.0,20.0,61.0,23.0,18.0,71.0,23.0,23.0,20.0,70.0,24.0,20.0,['Diploma'],['Diploma'],8.59,8.87,9.44,9.32,9.11,9.33,8.86
996:A P SHAH,COMPUTER ENGINEERING,45285409,CPE8034:DIGITAL,P,CPC801,CPC802,CPC803,ELECTIVEIII,60.0,24.0,24.0,20.0,61.0,24.0,18.0,59.0,24.0,24.0,19.0,58.0,24.0,17.0,['Diploma'],['Diploma'],7.75,7.68,8.33,8.25,8.8,8.81,8.05
996:A P SHAH,ELECTRONICS AND TELECOMMUNICATION ENGINEERING,10185892,ETE802:TELECOM,P,ETC801,ETC802,ETC803,ELECTIVEII,72.0,22.0,21.0,19.0,62.0,23.0,15.0,61.0,22.0,23.0,19.0,58.0,22.0,17.0,['Diploma'],['Diploma'],7.85,6.89,8.52,8.21,8.19,9.19,7.66
996:A P SHAH,INFORMATION TECHNOLOGY ENGINEERING,51283404,ITC8046:SOFTWARE,P,ITC801,ITC802,ITC803,ELECTIVEII,68.0,22.0,23.0,18.0,66.0,22.0,20.0,59.0,22.0,23.0,19.0,64.0,23.0,20.0,['Diploma'],['Diploma'],7.29,7.75,8.65,8.6,8.48,8.92,8.1
996:A P SHAH,MECHANICAL,53285966,MEE8026:AUTOMOBILE,P,MEC801,MEC802,MEC803,ELECTIVEII,70.0,24.0,24.0,20.0,57.0,24.0,19.0,69.0,24.0,24.0,20.0,61.0,24.0,18.0,['Diploma'],['Diploma'],9.0,8.43,8.37,9.86,9.04,9.12,8.74
